Periode;Wilayah;Kecamatan;Nama Puskesmas;Poli;Baru;Lama;Total Kunjungan
Januari;Surabaya Barat;Asem Rowo;Puskesmas Asemrowo;BATRA;0;2;2
Januari;Surabaya Barat;Asem Rowo;Puskesmas Asemrowo;GIGI;40;158;198
Januari;Surabaya Barat;Asem Rowo;Puskesmas Asemrowo;GIZI;0;1;1
Januari;Surabaya Barat;Asem Rowo;Puskesmas Asemrowo;INSTALASI GAWAT DARURAT;;;0
Januari;Surabaya Barat;Asem Rowo;Puskesmas Asemrowo;KIA;151;444;595
Januari;Surabaya Barat;Asem Rowo;Puskesmas Asemrowo;LABORATORIUM;;;0
Januari;Surabaya Barat;Asem Rowo;Puskesmas Asemrowo;LANSIA;;;0
Januari;Surabaya Barat;Asem Rowo;Puskesmas Asemrowo;MATA;;;0
Januari;Surabaya Barat;Asem Rowo;Puskesmas Asemrowo;PKPR;;;0
Januari;Surabaya Barat;Asem Rowo;Puskesmas Asemrowo;Poli PCR-SWAB;;;0
Januari;Surabaya Barat;Asem Rowo;Puskesmas Asemrowo;PSIKOLOGI;1;7;8
Januari;Surabaya Barat;Asem Rowo;Puskesmas Asemrowo;PTRM;;;0
Januari;Surabaya Barat;Asem Rowo;Puskesmas Asemrowo;RAWAT INAP;;;0
Januari;Surabaya Barat;Asem Rowo;Puskesmas Asemrowo;SANITASI;;;0
Januari;Surabaya Barat;Asem Rowo;Puskesmas Asemrowo;STD;;;0
Januari;Surabaya Barat;Asem Rowo;Puskesmas Asemrowo;TBC/PARU;;;0
Januari;Surabaya Barat;Asem Rowo;Puskesmas Asemrowo;UMUM;200;1626;1826
Januari;Surabaya Barat;Asem Rowo;Puskesmas Asemrowo;VCT;;;0
Januari;Surabaya Selatan;Wiyung;Puskesmas Balas Klumprik;BATRA;1;9;10
Januari;Surabaya Selatan;Wiyung;Puskesmas Balas Klumprik;GIGI;21;136;157
Januari;Surabaya Selatan;Wiyung;Puskesmas Balas Klumprik;GIZI;0;3;3
Januari;Surabaya Selatan;Wiyung;Puskesmas Balas Klumprik;INSTALASI GAWAT DARURAT;;;0
Januari;Surabaya Selatan;Wiyung;Puskesmas Balas Klumprik;KIA;42;183;225
Januari;Surabaya Selatan;Wiyung;Puskesmas Balas Klumprik;LABORATORIUM;;;0
Januari;Surabaya Selatan;Wiyung;Puskesmas Balas Klumprik;LANSIA;12;201;213
Januari;Surabaya Selatan;Wiyung;Puskesmas Balas Klumprik;MATA;;;0
Januari;Surabaya Selatan;Wiyung;Puskesmas Balas Klumprik;PKPR;;;0
Januari;Surabaya Selatan;Wiyung;Puskesmas Balas Klumprik;Poli PCR-SWAB;;;0
Januari;Surabaya Selatan;Wiyung;Puskesmas Balas Klumprik;PSIKOLOGI;1;1;2
Januari;Surabaya Selatan;Wiyung;Puskesmas Balas Klumprik;PTRM;;;0
Januari;Surabaya Selatan;Wiyung;Puskesmas Balas Klumprik;RAWAT INAP;;;0
Januari;Surabaya Selatan;Wiyung;Puskesmas Balas Klumprik;SANITASI;;;0
Januari;Surabaya Selatan;Wiyung;Puskesmas Balas Klumprik;STD;;;0
Januari;Surabaya Selatan;Wiyung;Puskesmas Balas Klumprik;TBC/PARU;;;0
Januari;Surabaya Selatan;Wiyung;Puskesmas Balas Klumprik;UMUM;107;558;665
Januari;Surabaya Selatan;Wiyung;Puskesmas Balas Klumprik;VCT;;;0
Januari;Surabaya Barat;Tandes;Puskesmas Balongsari;BATRA;0;33;33
Januari;Surabaya Barat;Tandes;Puskesmas Balongsari;GIGI;35;231;266
Januari;Surabaya Barat;Tandes;Puskesmas Balongsari;GIZI;1;0;1
Januari;Surabaya Barat;Tandes;Puskesmas Balongsari;INSTALASI GAWAT DARURAT;7;4;11
Januari;Surabaya Barat;Tandes;Puskesmas Balongsari;KIA;100;416;516
Januari;Surabaya Barat;Tandes;Puskesmas Balongsari;LABORATORIUM;;;0
Januari;Surabaya Barat;Tandes;Puskesmas Balongsari;LANSIA;16;547;563
Januari;Surabaya Barat;Tandes;Puskesmas Balongsari;MATA;;;0
Januari;Surabaya Barat;Tandes;Puskesmas Balongsari;PKPR;;;0
Januari;Surabaya Barat;Tandes;Puskesmas Balongsari;Poli PCR-SWAB;;;0
Januari;Surabaya Barat;Tandes;Puskesmas Balongsari;PSIKOLOGI;3;3;6
Januari;Surabaya Barat;Tandes;Puskesmas Balongsari;PTRM;;;0
Januari;Surabaya Barat;Tandes;Puskesmas Balongsari;RAWAT INAP;1;5;6
Januari;Surabaya Barat;Tandes;Puskesmas Balongsari;SANITASI;;;0
Januari;Surabaya Barat;Tandes;Puskesmas Balongsari;STD;;;0
Januari;Surabaya Barat;Tandes;Puskesmas Balongsari;TBC/PARU;5;46;51
Januari;Surabaya Barat;Tandes;Puskesmas Balongsari;UMUM;201;955;1156
Januari;Surabaya Barat;Tandes;Puskesmas Balongsari;VCT;;;0
Januari;Surabaya Barat;Lakarsantri;Puskesmas Bangkingan;BATRA;1;15;16
Januari;Surabaya Barat;Lakarsantri;Puskesmas Bangkingan;GIGI;17;350;367
Januari;Surabaya Barat;Lakarsantri;Puskesmas Bangkingan;GIZI;;;0
Januari;Surabaya Barat;Lakarsantri;Puskesmas Bangkingan;INSTALASI GAWAT DARURAT;;;0
Januari;Surabaya Barat;Lakarsantri;Puskesmas Bangkingan;KIA;54;332;386
Januari;Surabaya Barat;Lakarsantri;Puskesmas Bangkingan;LABORATORIUM;;;0
Januari;Surabaya Barat;Lakarsantri;Puskesmas Bangkingan;LANSIA;4;170;174
Januari;Surabaya Barat;Lakarsantri;Puskesmas Bangkingan;MATA;;;0
Januari;Surabaya Barat;Lakarsantri;Puskesmas Bangkingan;PKPR;;;0
Januari;Surabaya Barat;Lakarsantri;Puskesmas Bangkingan;Poli PCR-SWAB;;;0
Januari;Surabaya Barat;Lakarsantri;Puskesmas Bangkingan;PSIKOLOGI;3;1;4
Januari;Surabaya Barat;Lakarsantri;Puskesmas Bangkingan;PTRM;;;0
Januari;Surabaya Barat;Lakarsantri;Puskesmas Bangkingan;RAWAT INAP;;;0
Januari;Surabaya Barat;Lakarsantri;Puskesmas Bangkingan;SANITASI;;;0
Januari;Surabaya Barat;Lakarsantri;Puskesmas Bangkingan;STD;;;0
Januari;Surabaya Barat;Lakarsantri;Puskesmas Bangkingan;TBC/PARU;;;0
Januari;Surabaya Barat;Lakarsantri;Puskesmas Bangkingan;UMUM;114;984;1098
Januari;Surabaya Barat;Lakarsantri;Puskesmas Bangkingan;VCT;;;0
Januari;Surabaya Selatan;Sawahan;Puskesmas Banyu Urip;BATRA;0;5;5
Januari;Surabaya Selatan;Sawahan;Puskesmas Banyu Urip;GIGI;36;175;211
Januari;Surabaya Selatan;Sawahan;Puskesmas Banyu Urip;GIZI;;;0
Januari;Surabaya Selatan;Sawahan;Puskesmas Banyu Urip;INSTALASI GAWAT DARURAT;12;13;25
Januari;Surabaya Selatan;Sawahan;Puskesmas Banyu Urip;KIA;196;872;1068
Januari;Surabaya Selatan;Sawahan;Puskesmas Banyu Urip;LABORATORIUM;;;0
Januari;Surabaya Selatan;Sawahan;Puskesmas Banyu Urip;LANSIA;27;645;672
Januari;Surabaya Selatan;Sawahan;Puskesmas Banyu Urip;MATA;;;0
Januari;Surabaya Selatan;Sawahan;Puskesmas Banyu Urip;PKPR;62;34;96
Januari;Surabaya Selatan;Sawahan;Puskesmas Banyu Urip;Poli PCR-SWAB;;;0
Januari;Surabaya Selatan;Sawahan;Puskesmas Banyu Urip;PSIKOLOGI;;;0
Januari;Surabaya Selatan;Sawahan;Puskesmas Banyu Urip;PTRM;;;0
Januari;Surabaya Selatan;Sawahan;Puskesmas Banyu Urip;RAWAT INAP;3;1;4
Januari;Surabaya Selatan;Sawahan;Puskesmas Banyu Urip;SANITASI;;;0
Januari;Surabaya Selatan;Sawahan;Puskesmas Banyu Urip;STD;;;0
Januari;Surabaya Selatan;Sawahan;Puskesmas Banyu Urip;TBC/PARU;13;247;260
Januari;Surabaya Selatan;Sawahan;Puskesmas Banyu Urip;UMUM;203;1218;1421
Januari;Surabaya Selatan;Sawahan;Puskesmas Banyu Urip;VCT;;;0
Januari;Surabaya Barat;Pakal;Puskesmas Benowo;BATRA;1;3;4
Januari;Surabaya Barat;Pakal;Puskesmas Benowo;GIGI;62;417;479
Januari;Surabaya Barat;Pakal;Puskesmas Benowo;GIZI;17;43;60
Januari;Surabaya Barat;Pakal;Puskesmas Benowo;INSTALASI GAWAT DARURAT;;;0
Januari;Surabaya Barat;Pakal;Puskesmas Benowo;KIA;124;735;859
Januari;Surabaya Barat;Pakal;Puskesmas Benowo;LABORATORIUM;;;0
Januari;Surabaya Barat;Pakal;Puskesmas Benowo;LANSIA;16;534;550
Januari;Surabaya Barat;Pakal;Puskesmas Benowo;MATA;;;0
Januari;Surabaya Barat;Pakal;Puskesmas Benowo;PKPR;;;0
Januari;Surabaya Barat;Pakal;Puskesmas Benowo;Poli PCR-SWAB;;;0
Januari;Surabaya Barat;Pakal;Puskesmas Benowo;PSIKOLOGI;1;6;7
Januari;Surabaya Barat;Pakal;Puskesmas Benowo;PTRM;;;0
Januari;Surabaya Barat;Pakal;Puskesmas Benowo;RAWAT INAP;;;0
Januari;Surabaya Barat;Pakal;Puskesmas Benowo;SANITASI;;;0
Januari;Surabaya Barat;Pakal;Puskesmas Benowo;STD;;;0
Januari;Surabaya Barat;Pakal;Puskesmas Benowo;TBC/PARU;;;0
Januari;Surabaya Barat;Pakal;Puskesmas Benowo;UMUM;190;1639;1829
Januari;Surabaya Barat;Pakal;Puskesmas Benowo;VCT;;;0
Januari;Surabaya Utara;Kenjeran;Puskesmas Bulak Banteng;BATRA;3;4;7
Januari;Surabaya Utara;Kenjeran;Puskesmas Bulak Banteng;GIGI;37;265;302
Januari;Surabaya Utara;Kenjeran;Puskesmas Bulak Banteng;GIZI;9;35;44
Januari;Surabaya Utara;Kenjeran;Puskesmas Bulak Banteng;INSTALASI GAWAT DARURAT;;;0
Januari;Surabaya Utara;Kenjeran;Puskesmas Bulak Banteng;KIA;157;429;586
Januari;Surabaya Utara;Kenjeran;Puskesmas Bulak Banteng;LABORATORIUM;;;0
Januari;Surabaya Utara;Kenjeran;Puskesmas Bulak Banteng;LANSIA;11;255;266
Januari;Surabaya Utara;Kenjeran;Puskesmas Bulak Banteng;MATA;;;0
Januari;Surabaya Utara;Kenjeran;Puskesmas Bulak Banteng;PKPR;;;0
Januari;Surabaya Utara;Kenjeran;Puskesmas Bulak Banteng;Poli PCR-SWAB;;;0
Januari;Surabaya Utara;Kenjeran;Puskesmas Bulak Banteng;PSIKOLOGI;3;2;5
Januari;Surabaya Utara;Kenjeran;Puskesmas Bulak Banteng;PTRM;;;0
Januari;Surabaya Utara;Kenjeran;Puskesmas Bulak Banteng;RAWAT INAP;;;0
Januari;Surabaya Utara;Kenjeran;Puskesmas Bulak Banteng;SANITASI;;;0
Januari;Surabaya Utara;Kenjeran;Puskesmas Bulak Banteng;STD;;;0
Januari;Surabaya Utara;Kenjeran;Puskesmas Bulak Banteng;TBC/PARU;;;0
Januari;Surabaya Utara;Kenjeran;Puskesmas Bulak Banteng;UMUM;200;1952;2152
Januari;Surabaya Utara;Kenjeran;Puskesmas Bulak Banteng;VCT;;;0
Januari;Surabaya Pusat;Tegalsari;Puskesmas Dr. Soetomo;BATRA;;;0
Januari;Surabaya Pusat;Tegalsari;Puskesmas Dr. Soetomo;GIGI;19;89;108
Januari;Surabaya Pusat;Tegalsari;Puskesmas Dr. Soetomo;GIZI;;;0
Januari;Surabaya Pusat;Tegalsari;Puskesmas Dr. Soetomo;INSTALASI GAWAT DARURAT;;;0
Januari;Surabaya Pusat;Tegalsari;Puskesmas Dr. Soetomo;KIA;137;409;546
Januari;Surabaya Pusat;Tegalsari;Puskesmas Dr. Soetomo;LABORATORIUM;;;0
Januari;Surabaya Pusat;Tegalsari;Puskesmas Dr. Soetomo;LANSIA;10;242;252
Januari;Surabaya Pusat;Tegalsari;Puskesmas Dr. Soetomo;MATA;;;0
Januari;Surabaya Pusat;Tegalsari;Puskesmas Dr. Soetomo;PKPR;;;0
Januari;Surabaya Pusat;Tegalsari;Puskesmas Dr. Soetomo;Poli PCR-SWAB;;;0
Januari;Surabaya Pusat;Tegalsari;Puskesmas Dr. Soetomo;PSIKOLOGI;3;1;4
Januari;Surabaya Pusat;Tegalsari;Puskesmas Dr. Soetomo;PTRM;;;0
Januari;Surabaya Pusat;Tegalsari;Puskesmas Dr. Soetomo;RAWAT INAP;;;0
Januari;Surabaya Pusat;Tegalsari;Puskesmas Dr. Soetomo;SANITASI;;;0
Januari;Surabaya Pusat;Tegalsari;Puskesmas Dr. Soetomo;STD;;;0
Januari;Surabaya Pusat;Tegalsari;Puskesmas Dr. Soetomo;TBC/PARU;;;0
Januari;Surabaya Pusat;Tegalsari;Puskesmas Dr. Soetomo;UMUM;258;1255;1513
Januari;Surabaya Pusat;Tegalsari;Puskesmas Dr. Soetomo;VCT;;;0
Januari;Surabaya Selatan;Dukuh Pakis;Puskesmas Dukuh Kupang;BATRA;0;7;7
Januari;Surabaya Selatan;Dukuh Pakis;Puskesmas Dukuh Kupang;GIGI;48;211;259
Januari;Surabaya Selatan;Dukuh Pakis;Puskesmas Dukuh Kupang;GIZI;0;1;1
Januari;Surabaya Selatan;Dukuh Pakis;Puskesmas Dukuh Kupang;INSTALASI GAWAT DARURAT;19;12;31
Januari;Surabaya Selatan;Dukuh Pakis;Puskesmas Dukuh Kupang;KIA;231;633;864
Januari;Surabaya Selatan;Dukuh Pakis;Puskesmas Dukuh Kupang;LABORATORIUM;17;21;38
Januari;Surabaya Selatan;Dukuh Pakis;Puskesmas Dukuh Kupang;LANSIA;43;630;673
Januari;Surabaya Selatan;Dukuh Pakis;Puskesmas Dukuh Kupang;MATA;;;0
Januari;Surabaya Selatan;Dukuh Pakis;Puskesmas Dukuh Kupang;PKPR;;;0
Januari;Surabaya Selatan;Dukuh Pakis;Puskesmas Dukuh Kupang;Poli PCR-SWAB;;;0
Januari;Surabaya Selatan;Dukuh Pakis;Puskesmas Dukuh Kupang;PSIKOLOGI;5;8;13
Januari;Surabaya Selatan;Dukuh Pakis;Puskesmas Dukuh Kupang;PTRM;;;0
Januari;Surabaya Selatan;Dukuh Pakis;Puskesmas Dukuh Kupang;RAWAT INAP;4;2;6
Januari;Surabaya Selatan;Dukuh Pakis;Puskesmas Dukuh Kupang;SANITASI;;;0
Januari;Surabaya Selatan;Dukuh Pakis;Puskesmas Dukuh Kupang;STD;;;0
Januari;Surabaya Selatan;Dukuh Pakis;Puskesmas Dukuh Kupang;TBC/PARU;0;13;13
Januari;Surabaya Selatan;Dukuh Pakis;Puskesmas Dukuh Kupang;UMUM;388;1362;1750
Januari;Surabaya Selatan;Dukuh Pakis;Puskesmas Dukuh Kupang;VCT;;;0
Januari;Surabaya Utara;Krembangan;Puskesmas Dupak;BATRA;1;15;16
Januari;Surabaya Utara;Krembangan;Puskesmas Dupak;GIGI;10;202;212
Januari;Surabaya Utara;Krembangan;Puskesmas Dupak;GIZI;1;9;10
Januari;Surabaya Utara;Krembangan;Puskesmas Dupak;INSTALASI GAWAT DARURAT;27;20;47
Januari;Surabaya Utara;Krembangan;Puskesmas Dupak;KIA;96;625;721
Januari;Surabaya Utara;Krembangan;Puskesmas Dupak;LABORATORIUM;;;0
Januari;Surabaya Utara;Krembangan;Puskesmas Dupak;LANSIA;12;396;408
Januari;Surabaya Utara;Krembangan;Puskesmas Dupak;MATA;;;0
Januari;Surabaya Utara;Krembangan;Puskesmas Dupak;PKPR;;;0
Januari;Surabaya Utara;Krembangan;Puskesmas Dupak;Poli PCR-SWAB;;;0
Januari;Surabaya Utara;Krembangan;Puskesmas Dupak;PSIKOLOGI;8;22;30
Januari;Surabaya Utara;Krembangan;Puskesmas Dupak;PTRM;;;0
Januari;Surabaya Utara;Krembangan;Puskesmas Dupak;RAWAT INAP;22;11;33
Januari;Surabaya Utara;Krembangan;Puskesmas Dupak;SANITASI;;;0
Januari;Surabaya Utara;Krembangan;Puskesmas Dupak;STD;;;0
Januari;Surabaya Utara;Krembangan;Puskesmas Dupak;TBC/PARU;;;0
Januari;Surabaya Utara;Krembangan;Puskesmas Dupak;UMUM;159;1458;1617
Januari;Surabaya Utara;Krembangan;Puskesmas Dupak;VCT;;;0
Januari;Surabaya Timur;Tambaksari;Puskesmas Gading;BATRA;0;3;3
Januari;Surabaya Timur;Tambaksari;Puskesmas Gading;GIGI;43;158;201
Januari;Surabaya Timur;Tambaksari;Puskesmas Gading;GIZI;;;0
Januari;Surabaya Timur;Tambaksari;Puskesmas Gading;INSTALASI GAWAT DARURAT;;;0
Januari;Surabaya Timur;Tambaksari;Puskesmas Gading;KIA;166;679;845
Januari;Surabaya Timur;Tambaksari;Puskesmas Gading;LABORATORIUM;;;0
Januari;Surabaya Timur;Tambaksari;Puskesmas Gading;LANSIA;;;0
Januari;Surabaya Timur;Tambaksari;Puskesmas Gading;MATA;;;0
Januari;Surabaya Timur;Tambaksari;Puskesmas Gading;PKPR;;;0
Januari;Surabaya Timur;Tambaksari;Puskesmas Gading;Poli PCR-SWAB;;;0
Januari;Surabaya Timur;Tambaksari;Puskesmas Gading;PSIKOLOGI;1;6;7
Januari;Surabaya Timur;Tambaksari;Puskesmas Gading;PTRM;;;0
Januari;Surabaya Timur;Tambaksari;Puskesmas Gading;RAWAT INAP;;;0
Januari;Surabaya Timur;Tambaksari;Puskesmas Gading;SANITASI;;;0
Januari;Surabaya Timur;Tambaksari;Puskesmas Gading;STD;;;0
Januari;Surabaya Timur;Tambaksari;Puskesmas Gading;TBC/PARU;;;0
Januari;Surabaya Timur;Tambaksari;Puskesmas Gading;UMUM;236;2362;2598
Januari;Surabaya Timur;Tambaksari;Puskesmas Gading;VCT;;;0
Januari;Surabaya Selatan;Gayungan;Puskesmas Gayungan;BATRA;0;6;6
Januari;Surabaya Selatan;Gayungan;Puskesmas Gayungan;GIGI;70;354;424
Januari;Surabaya Selatan;Gayungan;Puskesmas Gayungan;GIZI;7;35;42
Januari;Surabaya Selatan;Gayungan;Puskesmas Gayungan;INSTALASI GAWAT DARURAT;;;0
Januari;Surabaya Selatan;Gayungan;Puskesmas Gayungan;KIA;101;475;576
Januari;Surabaya Selatan;Gayungan;Puskesmas Gayungan;LABORATORIUM;;;0
Januari;Surabaya Selatan;Gayungan;Puskesmas Gayungan;LANSIA;36;796;832
Januari;Surabaya Selatan;Gayungan;Puskesmas Gayungan;MATA;;;0
Januari;Surabaya Selatan;Gayungan;Puskesmas Gayungan;PKPR;0;1;1
Januari;Surabaya Selatan;Gayungan;Puskesmas Gayungan;Poli PCR-SWAB;;;0
Januari;Surabaya Selatan;Gayungan;Puskesmas Gayungan;PSIKOLOGI;2;19;21
Januari;Surabaya Selatan;Gayungan;Puskesmas Gayungan;PTRM;;;0
Januari;Surabaya Selatan;Gayungan;Puskesmas Gayungan;RAWAT INAP;;;0
Januari;Surabaya Selatan;Gayungan;Puskesmas Gayungan;SANITASI;;;0
Januari;Surabaya Selatan;Gayungan;Puskesmas Gayungan;STD;;;0
Januari;Surabaya Selatan;Gayungan;Puskesmas Gayungan;TBC/PARU;;;0
Januari;Surabaya Selatan;Gayungan;Puskesmas Gayungan;UMUM;311;1548;1859
Januari;Surabaya Selatan;Gayungan;Puskesmas Gayungan;VCT;;;0
Januari;Surabaya Pusat;Bubutan;Puskesmas Gundih;BATRA;0;8;8
Januari;Surabaya Pusat;Bubutan;Puskesmas Gundih;GIGI;8;175;183
Januari;Surabaya Pusat;Bubutan;Puskesmas Gundih;GIZI;0;2;2
Januari;Surabaya Pusat;Bubutan;Puskesmas Gundih;INSTALASI GAWAT DARURAT;;;0
Januari;Surabaya Pusat;Bubutan;Puskesmas Gundih;KIA;69;668;737
Januari;Surabaya Pusat;Bubutan;Puskesmas Gundih;LABORATORIUM;;;0
Januari;Surabaya Pusat;Bubutan;Puskesmas Gundih;LANSIA;4;410;414
Januari;Surabaya Pusat;Bubutan;Puskesmas Gundih;MATA;;;0
Januari;Surabaya Pusat;Bubutan;Puskesmas Gundih;PKPR;;;0
Januari;Surabaya Pusat;Bubutan;Puskesmas Gundih;Poli PCR-SWAB;;;0
Januari;Surabaya Pusat;Bubutan;Puskesmas Gundih;PSIKOLOGI;0;13;13
Januari;Surabaya Pusat;Bubutan;Puskesmas Gundih;PTRM;;;0
Januari;Surabaya Pusat;Bubutan;Puskesmas Gundih;RAWAT INAP;;;0
Januari;Surabaya Pusat;Bubutan;Puskesmas Gundih;SANITASI;;;0
Januari;Surabaya Pusat;Bubutan;Puskesmas Gundih;STD;;;0
Januari;Surabaya Pusat;Bubutan;Puskesmas Gundih;TBC/PARU;0;84;84
Januari;Surabaya Pusat;Bubutan;Puskesmas Gundih;UMUM;56;1513;1569
Januari;Surabaya Pusat;Bubutan;Puskesmas Gundih;VCT;;;0
Januari;Surabaya Timur;Gunung Anyar;Puskesmas Gunung Anyar;BATRA;0;4;4
Januari;Surabaya Timur;Gunung Anyar;Puskesmas Gunung Anyar;GIGI;35;132;167
Januari;Surabaya Timur;Gunung Anyar;Puskesmas Gunung Anyar;GIZI;0;2;2
Januari;Surabaya Timur;Gunung Anyar;Puskesmas Gunung Anyar;INSTALASI GAWAT DARURAT;;;0
Januari;Surabaya Timur;Gunung Anyar;Puskesmas Gunung Anyar;KIA;118;429;547
Januari;Surabaya Timur;Gunung Anyar;Puskesmas Gunung Anyar;LABORATORIUM;;;0
Januari;Surabaya Timur;Gunung Anyar;Puskesmas Gunung Anyar;LANSIA;17;376;393
Januari;Surabaya Timur;Gunung Anyar;Puskesmas Gunung Anyar;MATA;;;0
Januari;Surabaya Timur;Gunung Anyar;Puskesmas Gunung Anyar;PKPR;;;0
Januari;Surabaya Timur;Gunung Anyar;Puskesmas Gunung Anyar;Poli PCR-SWAB;;;0
Januari;Surabaya Timur;Gunung Anyar;Puskesmas Gunung Anyar;PSIKOLOGI;1;9;10
Januari;Surabaya Timur;Gunung Anyar;Puskesmas Gunung Anyar;PTRM;;;0
Januari;Surabaya Timur;Gunung Anyar;Puskesmas Gunung Anyar;RAWAT INAP;1;0;1
Januari;Surabaya Timur;Gunung Anyar;Puskesmas Gunung Anyar;SANITASI;;;0
Januari;Surabaya Timur;Gunung Anyar;Puskesmas Gunung Anyar;STD;;;0
Januari;Surabaya Timur;Gunung Anyar;Puskesmas Gunung Anyar;TBC/PARU;;;0
Januari;Surabaya Timur;Gunung Anyar;Puskesmas Gunung Anyar;UMUM;217;970;1187
Januari;Surabaya Timur;Gunung Anyar;Puskesmas Gunung Anyar;VCT;;;0
Januari;Surabaya Selatan;Wonokromo;Puskesmas Jagir;BATRA;7;70;77
Januari;Surabaya Selatan;Wonokromo;Puskesmas Jagir;GIGI;71;291;362
Januari;Surabaya Selatan;Wonokromo;Puskesmas Jagir;GIZI;6;26;32
Januari;Surabaya Selatan;Wonokromo;Puskesmas Jagir;INSTALASI GAWAT DARURAT;29;18;47
Januari;Surabaya Selatan;Wonokromo;Puskesmas Jagir;KIA;192;758;950
Januari;Surabaya Selatan;Wonokromo;Puskesmas Jagir;LABORATORIUM;;;0
Januari;Surabaya Selatan;Wonokromo;Puskesmas Jagir;LANSIA;33;656;689
Januari;Surabaya Selatan;Wonokromo;Puskesmas Jagir;MATA;;;0
Januari;Surabaya Selatan;Wonokromo;Puskesmas Jagir;PKPR;;;0
Januari;Surabaya Selatan;Wonokromo;Puskesmas Jagir;Poli PCR-SWAB;;;0
Januari;Surabaya Selatan;Wonokromo;Puskesmas Jagir;PSIKOLOGI;1;34;35
Januari;Surabaya Selatan;Wonokromo;Puskesmas Jagir;PTRM;0;5;5
Januari;Surabaya Selatan;Wonokromo;Puskesmas Jagir;RAWAT INAP;17;21;38
Januari;Surabaya Selatan;Wonokromo;Puskesmas Jagir;SANITASI;0;1;1
Januari;Surabaya Selatan;Wonokromo;Puskesmas Jagir;STD;;;0
Januari;Surabaya Selatan;Wonokromo;Puskesmas Jagir;TBC/PARU;;;0
Januari;Surabaya Selatan;Wonokromo;Puskesmas Jagir;UMUM;391;2254;2645
Januari;Surabaya Selatan;Wonokromo;Puskesmas Jagir;VCT;;;0
Januari;Surabaya Selatan;Wonocolo;Puskesmas Jemursari;BATRA;0;8;8
Januari;Surabaya Selatan;Wonocolo;Puskesmas Jemursari;GIGI;18;94;112
Januari;Surabaya Selatan;Wonocolo;Puskesmas Jemursari;GIZI;1;16;17
Januari;Surabaya Selatan;Wonocolo;Puskesmas Jemursari;INSTALASI GAWAT DARURAT;;;0
Januari;Surabaya Selatan;Wonocolo;Puskesmas Jemursari;KIA;63;263;326
Januari;Surabaya Selatan;Wonocolo;Puskesmas Jemursari;LABORATORIUM;;;0
Januari;Surabaya Selatan;Wonocolo;Puskesmas Jemursari;LANSIA;14;396;410
Januari;Surabaya Selatan;Wonocolo;Puskesmas Jemursari;MATA;;;0
Januari;Surabaya Selatan;Wonocolo;Puskesmas Jemursari;PKPR;;;0
Januari;Surabaya Selatan;Wonocolo;Puskesmas Jemursari;Poli PCR-SWAB;1;0;1
Januari;Surabaya Selatan;Wonocolo;Puskesmas Jemursari;PSIKOLOGI;4;10;14
Januari;Surabaya Selatan;Wonocolo;Puskesmas Jemursari;PTRM;;;0
Januari;Surabaya Selatan;Wonocolo;Puskesmas Jemursari;RAWAT INAP;;;0
Januari;Surabaya Selatan;Wonocolo;Puskesmas Jemursari;SANITASI;;;0
Januari;Surabaya Selatan;Wonocolo;Puskesmas Jemursari;STD;;;0
Januari;Surabaya Selatan;Wonocolo;Puskesmas Jemursari;TBC/PARU;;;0
Januari;Surabaya Selatan;Wonocolo;Puskesmas Jemursari;UMUM;187;1055;1242
Januari;Surabaya Selatan;Wonocolo;Puskesmas Jemursari;VCT;;;0
Januari;Surabaya Barat;Lakarsantri;Puskesmas Jeruk;BATRA;0;9;9
Januari;Surabaya Barat;Lakarsantri;Puskesmas Jeruk;GIGI;47;134;181
Januari;Surabaya Barat;Lakarsantri;Puskesmas Jeruk;GIZI;;;0
Januari;Surabaya Barat;Lakarsantri;Puskesmas Jeruk;INSTALASI GAWAT DARURAT;;;0
Januari;Surabaya Barat;Lakarsantri;Puskesmas Jeruk;KIA;24;132;156
Januari;Surabaya Barat;Lakarsantri;Puskesmas Jeruk;LABORATORIUM;;;0
Januari;Surabaya Barat;Lakarsantri;Puskesmas Jeruk;LANSIA;18;330;348
Januari;Surabaya Barat;Lakarsantri;Puskesmas Jeruk;MATA;;;0
Januari;Surabaya Barat;Lakarsantri;Puskesmas Jeruk;PKPR;;;0
Januari;Surabaya Barat;Lakarsantri;Puskesmas Jeruk;Poli PCR-SWAB;;;0
Januari;Surabaya Barat;Lakarsantri;Puskesmas Jeruk;PSIKOLOGI;0;1;1
Januari;Surabaya Barat;Lakarsantri;Puskesmas Jeruk;PTRM;;;0
Januari;Surabaya Barat;Lakarsantri;Puskesmas Jeruk;RAWAT INAP;;;0
Januari;Surabaya Barat;Lakarsantri;Puskesmas Jeruk;SANITASI;;;0
Januari;Surabaya Barat;Lakarsantri;Puskesmas Jeruk;STD;;;0
Januari;Surabaya Barat;Lakarsantri;Puskesmas Jeruk;TBC/PARU;21;268;289
Januari;Surabaya Barat;Lakarsantri;Puskesmas Jeruk;UMUM;181;927;1108
Januari;Surabaya Barat;Lakarsantri;Puskesmas Jeruk;VCT;;;0
Januari;Surabaya Timur;Mulyorejo;Puskesmas Kalijudan;BATRA;1;5;6
Januari;Surabaya Timur;Mulyorejo;Puskesmas Kalijudan;GIGI;30;120;150
Januari;Surabaya Timur;Mulyorejo;Puskesmas Kalijudan;GIZI;;;0
Januari;Surabaya Timur;Mulyorejo;Puskesmas Kalijudan;INSTALASI GAWAT DARURAT;;;0
Januari;Surabaya Timur;Mulyorejo;Puskesmas Kalijudan;KIA;81;444;525
Januari;Surabaya Timur;Mulyorejo;Puskesmas Kalijudan;LABORATORIUM;;;0
Januari;Surabaya Timur;Mulyorejo;Puskesmas Kalijudan;LANSIA;19;299;318
Januari;Surabaya Timur;Mulyorejo;Puskesmas Kalijudan;MATA;;;0
Januari;Surabaya Timur;Mulyorejo;Puskesmas Kalijudan;PKPR;;;0
Januari;Surabaya Timur;Mulyorejo;Puskesmas Kalijudan;Poli PCR-SWAB;;;0
Januari;Surabaya Timur;Mulyorejo;Puskesmas Kalijudan;PSIKOLOGI;;;0
Januari;Surabaya Timur;Mulyorejo;Puskesmas Kalijudan;PTRM;;;0
Januari;Surabaya Timur;Mulyorejo;Puskesmas Kalijudan;RAWAT INAP;;;0
Januari;Surabaya Timur;Mulyorejo;Puskesmas Kalijudan;SANITASI;;;0
Januari;Surabaya Timur;Mulyorejo;Puskesmas Kalijudan;STD;;;0
Januari;Surabaya Timur;Mulyorejo;Puskesmas Kalijudan;TBC/PARU;;;0
Januari;Surabaya Timur;Mulyorejo;Puskesmas Kalijudan;UMUM;171;829;1000
Januari;Surabaya Timur;Mulyorejo;Puskesmas Kalijudan;VCT;;;0
Januari;Surabaya Timur;Rungkut;Puskesmas Kalirungkut;BATRA;;;0
Januari;Surabaya Timur;Rungkut;Puskesmas Kalirungkut;GIGI;35;286;321
Januari;Surabaya Timur;Rungkut;Puskesmas Kalirungkut;GIZI;0;22;22
Januari;Surabaya Timur;Rungkut;Puskesmas Kalirungkut;INSTALASI GAWAT DARURAT;;;0
Januari;Surabaya Timur;Rungkut;Puskesmas Kalirungkut;KIA;108;474;582
Januari;Surabaya Timur;Rungkut;Puskesmas Kalirungkut;LABORATORIUM;;;0
Januari;Surabaya Timur;Rungkut;Puskesmas Kalirungkut;LANSIA;6;190;196
Januari;Surabaya Timur;Rungkut;Puskesmas Kalirungkut;MATA;;;0
Januari;Surabaya Timur;Rungkut;Puskesmas Kalirungkut;PKPR;;;0
Januari;Surabaya Timur;Rungkut;Puskesmas Kalirungkut;Poli PCR-SWAB;;;0
Januari;Surabaya Timur;Rungkut;Puskesmas Kalirungkut;PSIKOLOGI;3;24;27
Januari;Surabaya Timur;Rungkut;Puskesmas Kalirungkut;PTRM;;;0
Januari;Surabaya Timur;Rungkut;Puskesmas Kalirungkut;RAWAT INAP;;;0
Januari;Surabaya Timur;Rungkut;Puskesmas Kalirungkut;SANITASI;;;0
Januari;Surabaya Timur;Rungkut;Puskesmas Kalirungkut;STD;;;0
Januari;Surabaya Timur;Rungkut;Puskesmas Kalirungkut;TBC/PARU;;;0
Januari;Surabaya Timur;Rungkut;Puskesmas Kalirungkut;UMUM;259;1828;2087
Januari;Surabaya Timur;Rungkut;Puskesmas Kalirungkut;VCT;;;0
Januari;Surabaya Selatan;Jambangan;Puskesmas Kebonsari;BATRA;0;5;5
Januari;Surabaya Selatan;Jambangan;Puskesmas Kebonsari;GIGI;54;247;301
Januari;Surabaya Selatan;Jambangan;Puskesmas Kebonsari;GIZI;0;1;1
Januari;Surabaya Selatan;Jambangan;Puskesmas Kebonsari;INSTALASI GAWAT DARURAT;32;38;70
Januari;Surabaya Selatan;Jambangan;Puskesmas Kebonsari;KIA;179;712;891
Januari;Surabaya Selatan;Jambangan;Puskesmas Kebonsari;LABORATORIUM;;;0
Januari;Surabaya Selatan;Jambangan;Puskesmas Kebonsari;LANSIA;16;542;558
Januari;Surabaya Selatan;Jambangan;Puskesmas Kebonsari;MATA;;;0
Januari;Surabaya Selatan;Jambangan;Puskesmas Kebonsari;PKPR;;;0
Januari;Surabaya Selatan;Jambangan;Puskesmas Kebonsari;Poli PCR-SWAB;;;0
Januari;Surabaya Selatan;Jambangan;Puskesmas Kebonsari;PSIKOLOGI;1;7;8
Januari;Surabaya Selatan;Jambangan;Puskesmas Kebonsari;PTRM;;;0
Januari;Surabaya Selatan;Jambangan;Puskesmas Kebonsari;RAWAT INAP;4;10;14
Januari;Surabaya Selatan;Jambangan;Puskesmas Kebonsari;SANITASI;;;0
Januari;Surabaya Selatan;Jambangan;Puskesmas Kebonsari;STD;;;0
Januari;Surabaya Selatan;Jambangan;Puskesmas Kebonsari;TBC/PARU;;;0
Januari;Surabaya Selatan;Jambangan;Puskesmas Kebonsari;UMUM;405;2257;2662
Januari;Surabaya Selatan;Jambangan;Puskesmas Kebonsari;VCT;;;0
Januari;Surabaya Pusat;Tegalsari;Puskesmas Kedungdoro;BATRA;5;48;53
Januari;Surabaya Pusat;Tegalsari;Puskesmas Kedungdoro;GIGI;21;265;286
Januari;Surabaya Pusat;Tegalsari;Puskesmas Kedungdoro;GIZI;;;0
Januari;Surabaya Pusat;Tegalsari;Puskesmas Kedungdoro;INSTALASI GAWAT DARURAT;;;0
Januari;Surabaya Pusat;Tegalsari;Puskesmas Kedungdoro;KIA;94;411;505
Januari;Surabaya Pusat;Tegalsari;Puskesmas Kedungdoro;LABORATORIUM;;;0
Januari;Surabaya Pusat;Tegalsari;Puskesmas Kedungdoro;LANSIA;7;63;70
Januari;Surabaya Pusat;Tegalsari;Puskesmas Kedungdoro;MATA;;;0
Januari;Surabaya Pusat;Tegalsari;Puskesmas Kedungdoro;PKPR;;;0
Januari;Surabaya Pusat;Tegalsari;Puskesmas Kedungdoro;Poli PCR-SWAB;;;0
Januari;Surabaya Pusat;Tegalsari;Puskesmas Kedungdoro;PSIKOLOGI;5;15;20
Januari;Surabaya Pusat;Tegalsari;Puskesmas Kedungdoro;PTRM;;;0
Januari;Surabaya Pusat;Tegalsari;Puskesmas Kedungdoro;RAWAT INAP;;;0
Januari;Surabaya Pusat;Tegalsari;Puskesmas Kedungdoro;SANITASI;;;0
Januari;Surabaya Pusat;Tegalsari;Puskesmas Kedungdoro;STD;;;0
Januari;Surabaya Pusat;Tegalsari;Puskesmas Kedungdoro;TBC/PARU;0;58;58
Januari;Surabaya Pusat;Tegalsari;Puskesmas Kedungdoro;UMUM;198;1966;2164
Januari;Surabaya Pusat;Tegalsari;Puskesmas Kedungdoro;VCT;36;154;190
Januari;Surabaya Selatan;Karang Pilang;Puskesmas Kedurus;BATRA;0;25;25
Januari;Surabaya Selatan;Karang Pilang;Puskesmas Kedurus;GIGI;41;227;268
Januari;Surabaya Selatan;Karang Pilang;Puskesmas Kedurus;GIZI;0;1;1
Januari;Surabaya Selatan;Karang Pilang;Puskesmas Kedurus;INSTALASI GAWAT DARURAT;7;15;22
Januari;Surabaya Selatan;Karang Pilang;Puskesmas Kedurus;KIA;255;722;977
Januari;Surabaya Selatan;Karang Pilang;Puskesmas Kedurus;LABORATORIUM;;;0
Januari;Surabaya Selatan;Karang Pilang;Puskesmas Kedurus;LANSIA;21;898;919
Januari;Surabaya Selatan;Karang Pilang;Puskesmas Kedurus;MATA;;;0
Januari;Surabaya Selatan;Karang Pilang;Puskesmas Kedurus;PKPR;;;0
Januari;Surabaya Selatan;Karang Pilang;Puskesmas Kedurus;Poli PCR-SWAB;;;0
Januari;Surabaya Selatan;Karang Pilang;Puskesmas Kedurus;PSIKOLOGI;2;13;15
Januari;Surabaya Selatan;Karang Pilang;Puskesmas Kedurus;PTRM;;;0
Januari;Surabaya Selatan;Karang Pilang;Puskesmas Kedurus;RAWAT INAP;2;2;4
Januari;Surabaya Selatan;Karang Pilang;Puskesmas Kedurus;SANITASI;;;0
Januari;Surabaya Selatan;Karang Pilang;Puskesmas Kedurus;STD;;;0
Januari;Surabaya Selatan;Karang Pilang;Puskesmas Kedurus;TBC/PARU;7;61;68
Januari;Surabaya Selatan;Karang Pilang;Puskesmas Kedurus;UMUM;291;1537;1828
Januari;Surabaya Selatan;Karang Pilang;Puskesmas Kedurus;VCT;10;77;87
Januari;Surabaya Utara;Bulak;Puskesmas Kenjeran;BATRA;;;0
Januari;Surabaya Utara;Bulak;Puskesmas Kenjeran;GIGI;29;129;158
Januari;Surabaya Utara;Bulak;Puskesmas Kenjeran;GIZI;;;0
Januari;Surabaya Utara;Bulak;Puskesmas Kenjeran;INSTALASI GAWAT DARURAT;;;0
Januari;Surabaya Utara;Bulak;Puskesmas Kenjeran;KIA;82;332;414
Januari;Surabaya Utara;Bulak;Puskesmas Kenjeran;LABORATORIUM;;;0
Januari;Surabaya Utara;Bulak;Puskesmas Kenjeran;LANSIA;;;0
Januari;Surabaya Utara;Bulak;Puskesmas Kenjeran;MATA;;;0
Januari;Surabaya Utara;Bulak;Puskesmas Kenjeran;PKPR;;;0
Januari;Surabaya Utara;Bulak;Puskesmas Kenjeran;Poli PCR-SWAB;;;0
Januari;Surabaya Utara;Bulak;Puskesmas Kenjeran;PSIKOLOGI;;;0
Januari;Surabaya Utara;Bulak;Puskesmas Kenjeran;PTRM;;;0
Januari;Surabaya Utara;Bulak;Puskesmas Kenjeran;RAWAT INAP;;;0
Januari;Surabaya Utara;Bulak;Puskesmas Kenjeran;SANITASI;;;0
Januari;Surabaya Utara;Bulak;Puskesmas Kenjeran;STD;;;0
Januari;Surabaya Utara;Bulak;Puskesmas Kenjeran;TBC/PARU;;;0
Januari;Surabaya Utara;Bulak;Puskesmas Kenjeran;UMUM;174;1309;1483
Januari;Surabaya Utara;Bulak;Puskesmas Kenjeran;VCT;;;0
Januari;Surabaya Timur;Sukolilo;Puskesmas Keputih;BATRA;3;5;8
Januari;Surabaya Timur;Sukolilo;Puskesmas Keputih;GIGI;28;112;140
Januari;Surabaya Timur;Sukolilo;Puskesmas Keputih;GIZI;1;1;2
Januari;Surabaya Timur;Sukolilo;Puskesmas Keputih;INSTALASI GAWAT DARURAT;;;0
Januari;Surabaya Timur;Sukolilo;Puskesmas Keputih;KIA;72;283;355
Januari;Surabaya Timur;Sukolilo;Puskesmas Keputih;LABORATORIUM;;;0
Januari;Surabaya Timur;Sukolilo;Puskesmas Keputih;LANSIA;5;157;162
Januari;Surabaya Timur;Sukolilo;Puskesmas Keputih;MATA;;;0
Januari;Surabaya Timur;Sukolilo;Puskesmas Keputih;PKPR;;;0
Januari;Surabaya Timur;Sukolilo;Puskesmas Keputih;Poli PCR-SWAB;;;0
Januari;Surabaya Timur;Sukolilo;Puskesmas Keputih;PSIKOLOGI;;;0
Januari;Surabaya Timur;Sukolilo;Puskesmas Keputih;PTRM;;;0
Januari;Surabaya Timur;Sukolilo;Puskesmas Keputih;RAWAT INAP;;;0
Januari;Surabaya Timur;Sukolilo;Puskesmas Keputih;SANITASI;;;0
Januari;Surabaya Timur;Sukolilo;Puskesmas Keputih;STD;;;0
Januari;Surabaya Timur;Sukolilo;Puskesmas Keputih;TBC/PARU;;;0
Januari;Surabaya Timur;Sukolilo;Puskesmas Keputih;UMUM;189;756;945
Januari;Surabaya Timur;Sukolilo;Puskesmas Keputih;VCT;;;0
Januari;Surabaya Pusat;Genteng;Puskesmas Ketabang;BATRA;1;6;7
Januari;Surabaya Pusat;Genteng;Puskesmas Ketabang;GIGI;41;158;199
Januari;Surabaya Pusat;Genteng;Puskesmas Ketabang;GIZI;;;0
Januari;Surabaya Pusat;Genteng;Puskesmas Ketabang;INSTALASI GAWAT DARURAT;;;0
Januari;Surabaya Pusat;Genteng;Puskesmas Ketabang;KIA;62;225;287
Januari;Surabaya Pusat;Genteng;Puskesmas Ketabang;LABORATORIUM;;;0
Januari;Surabaya Pusat;Genteng;Puskesmas Ketabang;LANSIA;9;256;265
Januari;Surabaya Pusat;Genteng;Puskesmas Ketabang;MATA;;;0
Januari;Surabaya Pusat;Genteng;Puskesmas Ketabang;PKPR;;;0
Januari;Surabaya Pusat;Genteng;Puskesmas Ketabang;Poli PCR-SWAB;;;0
Januari;Surabaya Pusat;Genteng;Puskesmas Ketabang;PSIKOLOGI;;;0
Januari;Surabaya Pusat;Genteng;Puskesmas Ketabang;PTRM;;;0
Januari;Surabaya Pusat;Genteng;Puskesmas Ketabang;RAWAT INAP;;;0
Januari;Surabaya Pusat;Genteng;Puskesmas Ketabang;SANITASI;;;0
Januari;Surabaya Pusat;Genteng;Puskesmas Ketabang;STD;;;0
Januari;Surabaya Pusat;Genteng;Puskesmas Ketabang;TBC/PARU;;;0
Januari;Surabaya Pusat;Genteng;Puskesmas Ketabang;UMUM;185;1170;1355
Januari;Surabaya Pusat;Genteng;Puskesmas Ketabang;VCT;;;0
Januari;Surabaya Timur;Sukolilo;Puskesmas Klampis Ngasem;BATRA;0;4;4
Januari;Surabaya Timur;Sukolilo;Puskesmas Klampis Ngasem;GIGI;27;145;172
Januari;Surabaya Timur;Sukolilo;Puskesmas Klampis Ngasem;GIZI;0;4;4
Januari;Surabaya Timur;Sukolilo;Puskesmas Klampis Ngasem;INSTALASI GAWAT DARURAT;;;0
Januari;Surabaya Timur;Sukolilo;Puskesmas Klampis Ngasem;KIA;76;422;498
Januari;Surabaya Timur;Sukolilo;Puskesmas Klampis Ngasem;LABORATORIUM;;;0
Januari;Surabaya Timur;Sukolilo;Puskesmas Klampis Ngasem;LANSIA;16;295;311
Januari;Surabaya Timur;Sukolilo;Puskesmas Klampis Ngasem;MATA;;;0
Januari;Surabaya Timur;Sukolilo;Puskesmas Klampis Ngasem;PKPR;;;0
Januari;Surabaya Timur;Sukolilo;Puskesmas Klampis Ngasem;Poli PCR-SWAB;;;0
Januari;Surabaya Timur;Sukolilo;Puskesmas Klampis Ngasem;PSIKOLOGI;2;6;8
Januari;Surabaya Timur;Sukolilo;Puskesmas Klampis Ngasem;PTRM;;;0
Januari;Surabaya Timur;Sukolilo;Puskesmas Klampis Ngasem;RAWAT INAP;;;0
Januari;Surabaya Timur;Sukolilo;Puskesmas Klampis Ngasem;SANITASI;1;0;1
Januari;Surabaya Timur;Sukolilo;Puskesmas Klampis Ngasem;STD;;;0
Januari;Surabaya Timur;Sukolilo;Puskesmas Klampis Ngasem;TBC/PARU;;;0
Januari;Surabaya Timur;Sukolilo;Puskesmas Klampis Ngasem;UMUM;166;1113;1279
Januari;Surabaya Timur;Sukolilo;Puskesmas Klampis Ngasem;VCT;;;0
Januari;Surabaya Utara;Krembangan;Puskesmas Krembangan Selatan;BATRA;0;1;1
Januari;Surabaya Utara;Krembangan;Puskesmas Krembangan Selatan;GIGI;29;169;198
Januari;Surabaya Utara;Krembangan;Puskesmas Krembangan Selatan;GIZI;2;1;3
Januari;Surabaya Utara;Krembangan;Puskesmas Krembangan Selatan;INSTALASI GAWAT DARURAT;40;89;129
Januari;Surabaya Utara;Krembangan;Puskesmas Krembangan Selatan;KIA;127;657;784
Januari;Surabaya Utara;Krembangan;Puskesmas Krembangan Selatan;LABORATORIUM;;;0
Januari;Surabaya Utara;Krembangan;Puskesmas Krembangan Selatan;LANSIA;;;0
Januari;Surabaya Utara;Krembangan;Puskesmas Krembangan Selatan;MATA;;;0
Januari;Surabaya Utara;Krembangan;Puskesmas Krembangan Selatan;PKPR;;;0
Januari;Surabaya Utara;Krembangan;Puskesmas Krembangan Selatan;Poli PCR-SWAB;;;0
Januari;Surabaya Utara;Krembangan;Puskesmas Krembangan Selatan;PSIKOLOGI;0;2;2
Januari;Surabaya Utara;Krembangan;Puskesmas Krembangan Selatan;PTRM;;;0
Januari;Surabaya Utara;Krembangan;Puskesmas Krembangan Selatan;RAWAT INAP;;;0
Januari;Surabaya Utara;Krembangan;Puskesmas Krembangan Selatan;SANITASI;11;29;40
Januari;Surabaya Utara;Krembangan;Puskesmas Krembangan Selatan;STD;;;0
Januari;Surabaya Utara;Krembangan;Puskesmas Krembangan Selatan;TBC/PARU;;;0
Januari;Surabaya Utara;Krembangan;Puskesmas Krembangan Selatan;UMUM;197;1780;1977
Januari;Surabaya Utara;Krembangan;Puskesmas Krembangan Selatan;VCT;;;0
Januari;Surabaya Barat;Lakarsantri;Puskesmas Lidah Kulon;BATRA;5;8;13
Januari;Surabaya Barat;Lakarsantri;Puskesmas Lidah Kulon;GIGI;24;131;155
Januari;Surabaya Barat;Lakarsantri;Puskesmas Lidah Kulon;GIZI;0;6;6
Januari;Surabaya Barat;Lakarsantri;Puskesmas Lidah Kulon;INSTALASI GAWAT DARURAT;;;0
Januari;Surabaya Barat;Lakarsantri;Puskesmas Lidah Kulon;KIA;82;304;386
Januari;Surabaya Barat;Lakarsantri;Puskesmas Lidah Kulon;LABORATORIUM;;;0
Januari;Surabaya Barat;Lakarsantri;Puskesmas Lidah Kulon;LANSIA;13;308;321
Januari;Surabaya Barat;Lakarsantri;Puskesmas Lidah Kulon;MATA;;;0
Januari;Surabaya Barat;Lakarsantri;Puskesmas Lidah Kulon;PKPR;;;0
Januari;Surabaya Barat;Lakarsantri;Puskesmas Lidah Kulon;Poli PCR-SWAB;;;0
Januari;Surabaya Barat;Lakarsantri;Puskesmas Lidah Kulon;PSIKOLOGI;0;1;1
Januari;Surabaya Barat;Lakarsantri;Puskesmas Lidah Kulon;PTRM;;;0
Januari;Surabaya Barat;Lakarsantri;Puskesmas Lidah Kulon;RAWAT INAP;;;0
Januari;Surabaya Barat;Lakarsantri;Puskesmas Lidah Kulon;SANITASI;2;10;12
Januari;Surabaya Barat;Lakarsantri;Puskesmas Lidah Kulon;STD;;;0
Januari;Surabaya Barat;Lakarsantri;Puskesmas Lidah Kulon;TBC/PARU;;;0
Januari;Surabaya Barat;Lakarsantri;Puskesmas Lidah Kulon;UMUM;177;1088;1265
Januari;Surabaya Barat;Lakarsantri;Puskesmas Lidah Kulon;VCT;;;0
Januari;Surabaya Barat;Sambikerep;Puskesmas Lontar;BATRA;1;12;13
Januari;Surabaya Barat;Sambikerep;Puskesmas Lontar;GIGI;23;145;168
Januari;Surabaya Barat;Sambikerep;Puskesmas Lontar;GIZI;0;1;1
Januari;Surabaya Barat;Sambikerep;Puskesmas Lontar;INSTALASI GAWAT DARURAT;;;0
Januari;Surabaya Barat;Sambikerep;Puskesmas Lontar;KIA;135;329;464
Januari;Surabaya Barat;Sambikerep;Puskesmas Lontar;LABORATORIUM;;;0
Januari;Surabaya Barat;Sambikerep;Puskesmas Lontar;LANSIA;;;0
Januari;Surabaya Barat;Sambikerep;Puskesmas Lontar;MATA;;;0
Januari;Surabaya Barat;Sambikerep;Puskesmas Lontar;PKPR;;;0
Januari;Surabaya Barat;Sambikerep;Puskesmas Lontar;Poli PCR-SWAB;;;0
Januari;Surabaya Barat;Sambikerep;Puskesmas Lontar;PSIKOLOGI;2;4;6
Januari;Surabaya Barat;Sambikerep;Puskesmas Lontar;PTRM;;;0
Januari;Surabaya Barat;Sambikerep;Puskesmas Lontar;RAWAT INAP;;;0
Januari;Surabaya Barat;Sambikerep;Puskesmas Lontar;SANITASI;;;0
Januari;Surabaya Barat;Sambikerep;Puskesmas Lontar;STD;;;0
Januari;Surabaya Barat;Sambikerep;Puskesmas Lontar;TBC/PARU;;;0
Januari;Surabaya Barat;Sambikerep;Puskesmas Lontar;UMUM;234;1100;1334
Januari;Surabaya Barat;Sambikerep;Puskesmas Lontar;VCT;;;0
Januari;Surabaya Barat;Sambikerep;Puskesmas Made;BATRA;;;0
Januari;Surabaya Barat;Sambikerep;Puskesmas Made;GIGI;33;153;186
Januari;Surabaya Barat;Sambikerep;Puskesmas Made;GIZI;1;1;2
Januari;Surabaya Barat;Sambikerep;Puskesmas Made;INSTALASI GAWAT DARURAT;;;0
Januari;Surabaya Barat;Sambikerep;Puskesmas Made;KIA;65;331;396
Januari;Surabaya Barat;Sambikerep;Puskesmas Made;LABORATORIUM;;;0
Januari;Surabaya Barat;Sambikerep;Puskesmas Made;LANSIA;6;206;212
Januari;Surabaya Barat;Sambikerep;Puskesmas Made;MATA;;;0
Januari;Surabaya Barat;Sambikerep;Puskesmas Made;PKPR;;;0
Januari;Surabaya Barat;Sambikerep;Puskesmas Made;Poli PCR-SWAB;;;0
Januari;Surabaya Barat;Sambikerep;Puskesmas Made;PSIKOLOGI;1;1;2
Januari;Surabaya Barat;Sambikerep;Puskesmas Made;PTRM;;;0
Januari;Surabaya Barat;Sambikerep;Puskesmas Made;RAWAT INAP;;;0
Januari;Surabaya Barat;Sambikerep;Puskesmas Made;SANITASI;;;0
Januari;Surabaya Barat;Sambikerep;Puskesmas Made;STD;;;0
Januari;Surabaya Barat;Sambikerep;Puskesmas Made;TBC/PARU;;;0
Januari;Surabaya Barat;Sambikerep;Puskesmas Made;UMUM;114;1018;1132
Januari;Surabaya Barat;Sambikerep;Puskesmas Made;VCT;;;0
Januari;Surabaya Barat;Tandes;Puskesmas Manukan Kulon;BATRA;3;22;25
Januari;Surabaya Barat;Tandes;Puskesmas Manukan Kulon;GIGI;49;254;303
Januari;Surabaya Barat;Tandes;Puskesmas Manukan Kulon;GIZI;1;1;2
Januari;Surabaya Barat;Tandes;Puskesmas Manukan Kulon;INSTALASI GAWAT DARURAT;;;0
Januari;Surabaya Barat;Tandes;Puskesmas Manukan Kulon;KIA;181;585;766
Januari;Surabaya Barat;Tandes;Puskesmas Manukan Kulon;LABORATORIUM;;;0
Januari;Surabaya Barat;Tandes;Puskesmas Manukan Kulon;LANSIA;27;1071;1098
Januari;Surabaya Barat;Tandes;Puskesmas Manukan Kulon;MATA;;;0
Januari;Surabaya Barat;Tandes;Puskesmas Manukan Kulon;PKPR;;;0
Januari;Surabaya Barat;Tandes;Puskesmas Manukan Kulon;Poli PCR-SWAB;;;0
Januari;Surabaya Barat;Tandes;Puskesmas Manukan Kulon;PSIKOLOGI;9;10;19
Januari;Surabaya Barat;Tandes;Puskesmas Manukan Kulon;PTRM;0;125;125
Januari;Surabaya Barat;Tandes;Puskesmas Manukan Kulon;RAWAT INAP;;;0
Januari;Surabaya Barat;Tandes;Puskesmas Manukan Kulon;SANITASI;;;0
Januari;Surabaya Barat;Tandes;Puskesmas Manukan Kulon;STD;;;0
Januari;Surabaya Barat;Tandes;Puskesmas Manukan Kulon;TBC/PARU;;;0
Januari;Surabaya Barat;Tandes;Puskesmas Manukan Kulon;UMUM;412;2233;2645
Januari;Surabaya Barat;Tandes;Puskesmas Manukan Kulon;VCT;;;0
Januari;Surabaya Timur;Rungkut;Puskesmas Medokan Ayu;BATRA;3;26;29
Januari;Surabaya Timur;Rungkut;Puskesmas Medokan Ayu;GIGI;46;170;216
Januari;Surabaya Timur;Rungkut;Puskesmas Medokan Ayu;GIZI;2;2;4
Januari;Surabaya Timur;Rungkut;Puskesmas Medokan Ayu;INSTALASI GAWAT DARURAT;3;2;5
Januari;Surabaya Timur;Rungkut;Puskesmas Medokan Ayu;KIA;170;430;600
Januari;Surabaya Timur;Rungkut;Puskesmas Medokan Ayu;LABORATORIUM;;;0
Januari;Surabaya Timur;Rungkut;Puskesmas Medokan Ayu;LANSIA;15;465;480
Januari;Surabaya Timur;Rungkut;Puskesmas Medokan Ayu;MATA;;;0
Januari;Surabaya Timur;Rungkut;Puskesmas Medokan Ayu;PKPR;;;0
Januari;Surabaya Timur;Rungkut;Puskesmas Medokan Ayu;Poli PCR-SWAB;;;0
Januari;Surabaya Timur;Rungkut;Puskesmas Medokan Ayu;PSIKOLOGI;1;6;7
Januari;Surabaya Timur;Rungkut;Puskesmas Medokan Ayu;PTRM;;;0
Januari;Surabaya Timur;Rungkut;Puskesmas Medokan Ayu;RAWAT INAP;1;1;2
Januari;Surabaya Timur;Rungkut;Puskesmas Medokan Ayu;SANITASI;;;0
Januari;Surabaya Timur;Rungkut;Puskesmas Medokan Ayu;STD;;;0
Januari;Surabaya Timur;Rungkut;Puskesmas Medokan Ayu;TBC/PARU;;;0
Januari;Surabaya Timur;Rungkut;Puskesmas Medokan Ayu;UMUM;233;1224;1457
Januari;Surabaya Timur;Rungkut;Puskesmas Medokan Ayu;VCT;;;0
Januari;Surabaya Timur;Sukolilo;Puskesmas Menur;BATRA;0;5;5
Januari;Surabaya Timur;Sukolilo;Puskesmas Menur;GIGI;28;212;240
Januari;Surabaya Timur;Sukolilo;Puskesmas Menur;GIZI;0;3;3
Januari;Surabaya Timur;Sukolilo;Puskesmas Menur;INSTALASI GAWAT DARURAT;;;0
Januari;Surabaya Timur;Sukolilo;Puskesmas Menur;KIA;127;400;527
Januari;Surabaya Timur;Sukolilo;Puskesmas Menur;LABORATORIUM;;;0
Januari;Surabaya Timur;Sukolilo;Puskesmas Menur;LANSIA;20;618;638
Januari;Surabaya Timur;Sukolilo;Puskesmas Menur;MATA;;;0
Januari;Surabaya Timur;Sukolilo;Puskesmas Menur;PKPR;0;3;3
Januari;Surabaya Timur;Sukolilo;Puskesmas Menur;Poli PCR-SWAB;;;0
Januari;Surabaya Timur;Sukolilo;Puskesmas Menur;PSIKOLOGI;;;0
Januari;Surabaya Timur;Sukolilo;Puskesmas Menur;PTRM;;;0
Januari;Surabaya Timur;Sukolilo;Puskesmas Menur;RAWAT INAP;;;0
Januari;Surabaya Timur;Sukolilo;Puskesmas Menur;SANITASI;;;0
Januari;Surabaya Timur;Sukolilo;Puskesmas Menur;STD;;;0
Januari;Surabaya Timur;Sukolilo;Puskesmas Menur;TBC/PARU;;;0
Januari;Surabaya Timur;Sukolilo;Puskesmas Menur;UMUM;228;1264;1492
Januari;Surabaya Timur;Sukolilo;Puskesmas Menur;VCT;;;0
Januari;Surabaya Timur;Gubeng;Puskesmas Mojo;BATRA;0;3;3
Januari;Surabaya Timur;Gubeng;Puskesmas Mojo;GIGI;26;203;229
Januari;Surabaya Timur;Gubeng;Puskesmas Mojo;GIZI;;;0
Januari;Surabaya Timur;Gubeng;Puskesmas Mojo;INSTALASI GAWAT DARURAT;;;0
Januari;Surabaya Timur;Gubeng;Puskesmas Mojo;KIA;141;379;520
Januari;Surabaya Timur;Gubeng;Puskesmas Mojo;LABORATORIUM;;;0
Januari;Surabaya Timur;Gubeng;Puskesmas Mojo;LANSIA;21;755;776
Januari;Surabaya Timur;Gubeng;Puskesmas Mojo;MATA;;;0
Januari;Surabaya Timur;Gubeng;Puskesmas Mojo;PKPR;;;0
Januari;Surabaya Timur;Gubeng;Puskesmas Mojo;Poli PCR-SWAB;;;0
Januari;Surabaya Timur;Gubeng;Puskesmas Mojo;PSIKOLOGI;1;7;8
Januari;Surabaya Timur;Gubeng;Puskesmas Mojo;PTRM;;;0
Januari;Surabaya Timur;Gubeng;Puskesmas Mojo;RAWAT INAP;;;0
Januari;Surabaya Timur;Gubeng;Puskesmas Mojo;SANITASI;;;0
Januari;Surabaya Timur;Gubeng;Puskesmas Mojo;STD;;;0
Januari;Surabaya Timur;Gubeng;Puskesmas Mojo;TBC/PARU;;;0
Januari;Surabaya Timur;Gubeng;Puskesmas Mojo;UMUM;249;1724;1973
Januari;Surabaya Timur;Gubeng;Puskesmas Mojo;VCT;;;0
Januari;Surabaya Utara;Krembangan;Puskesmas Morokrembangan;BATRA;0;5;5
Januari;Surabaya Utara;Krembangan;Puskesmas Morokrembangan;GIGI;17;104;121
Januari;Surabaya Utara;Krembangan;Puskesmas Morokrembangan;GIZI;0;9;9
Januari;Surabaya Utara;Krembangan;Puskesmas Morokrembangan;INSTALASI GAWAT DARURAT;;;0
Januari;Surabaya Utara;Krembangan;Puskesmas Morokrembangan;KIA;113;383;496
Januari;Surabaya Utara;Krembangan;Puskesmas Morokrembangan;LABORATORIUM;;;0
Januari;Surabaya Utara;Krembangan;Puskesmas Morokrembangan;LANSIA;15;337;352
Januari;Surabaya Utara;Krembangan;Puskesmas Morokrembangan;MATA;;;0
Januari;Surabaya Utara;Krembangan;Puskesmas Morokrembangan;PKPR;;;0
Januari;Surabaya Utara;Krembangan;Puskesmas Morokrembangan;Poli PCR-SWAB;;;0
Januari;Surabaya Utara;Krembangan;Puskesmas Morokrembangan;PSIKOLOGI;5;6;11
Januari;Surabaya Utara;Krembangan;Puskesmas Morokrembangan;PTRM;;;0
Januari;Surabaya Utara;Krembangan;Puskesmas Morokrembangan;RAWAT INAP;;;0
Januari;Surabaya Utara;Krembangan;Puskesmas Morokrembangan;SANITASI;;;0
Januari;Surabaya Utara;Krembangan;Puskesmas Morokrembangan;STD;;;0
Januari;Surabaya Utara;Krembangan;Puskesmas Morokrembangan;TBC/PARU;;;0
Januari;Surabaya Utara;Krembangan;Puskesmas Morokrembangan;UMUM;157;1040;1197
Januari;Surabaya Utara;Krembangan;Puskesmas Morokrembangan;VCT;;;0
Januari;Surabaya Timur;Mulyorejo;Puskesmas Mulyorejo;BATRA;1;9;10
Januari;Surabaya Timur;Mulyorejo;Puskesmas Mulyorejo;GIGI;37;171;208
Januari;Surabaya Timur;Mulyorejo;Puskesmas Mulyorejo;GIZI;0;3;3
Januari;Surabaya Timur;Mulyorejo;Puskesmas Mulyorejo;INSTALASI GAWAT DARURAT;;;0
Januari;Surabaya Timur;Mulyorejo;Puskesmas Mulyorejo;KIA;162;679;841
Januari;Surabaya Timur;Mulyorejo;Puskesmas Mulyorejo;LABORATORIUM;;;0
Januari;Surabaya Timur;Mulyorejo;Puskesmas Mulyorejo;LANSIA;20;501;521
Januari;Surabaya Timur;Mulyorejo;Puskesmas Mulyorejo;MATA;;;0
Januari;Surabaya Timur;Mulyorejo;Puskesmas Mulyorejo;PKPR;;;0
Januari;Surabaya Timur;Mulyorejo;Puskesmas Mulyorejo;Poli PCR-SWAB;;;0
Januari;Surabaya Timur;Mulyorejo;Puskesmas Mulyorejo;PSIKOLOGI;4;8;12
Januari;Surabaya Timur;Mulyorejo;Puskesmas Mulyorejo;PTRM;;;0
Januari;Surabaya Timur;Mulyorejo;Puskesmas Mulyorejo;RAWAT INAP;;;0
Januari;Surabaya Timur;Mulyorejo;Puskesmas Mulyorejo;SANITASI;;;0
Januari;Surabaya Timur;Mulyorejo;Puskesmas Mulyorejo;STD;;;0
Januari;Surabaya Timur;Mulyorejo;Puskesmas Mulyorejo;TBC/PARU;;;0
Januari;Surabaya Timur;Mulyorejo;Puskesmas Mulyorejo;UMUM;218;1141;1359
Januari;Surabaya Timur;Mulyorejo;Puskesmas Mulyorejo;VCT;;;0
Januari;Surabaya Selatan;Wonokromo;Puskesmas Ngagelrejo;BATRA;1;0;1
Januari;Surabaya Selatan;Wonokromo;Puskesmas Ngagelrejo;GIGI;25;319;344
Januari;Surabaya Selatan;Wonokromo;Puskesmas Ngagelrejo;GIZI;19;38;57
Januari;Surabaya Selatan;Wonokromo;Puskesmas Ngagelrejo;INSTALASI GAWAT DARURAT;;;0
Januari;Surabaya Selatan;Wonokromo;Puskesmas Ngagelrejo;KIA;131;785;916
Januari;Surabaya Selatan;Wonokromo;Puskesmas Ngagelrejo;LABORATORIUM;;;0
Januari;Surabaya Selatan;Wonokromo;Puskesmas Ngagelrejo;LANSIA;26;666;692
Januari;Surabaya Selatan;Wonokromo;Puskesmas Ngagelrejo;MATA;;;0
Januari;Surabaya Selatan;Wonokromo;Puskesmas Ngagelrejo;PKPR;;;0
Januari;Surabaya Selatan;Wonokromo;Puskesmas Ngagelrejo;Poli PCR-SWAB;;;0
Januari;Surabaya Selatan;Wonokromo;Puskesmas Ngagelrejo;PSIKOLOGI;18;27;45
Januari;Surabaya Selatan;Wonokromo;Puskesmas Ngagelrejo;PTRM;;;0
Januari;Surabaya Selatan;Wonokromo;Puskesmas Ngagelrejo;RAWAT INAP;;;0
Januari;Surabaya Selatan;Wonokromo;Puskesmas Ngagelrejo;SANITASI;;;0
Januari;Surabaya Selatan;Wonokromo;Puskesmas Ngagelrejo;STD;;;0
Januari;Surabaya Selatan;Wonokromo;Puskesmas Ngagelrejo;TBC/PARU;;;0
Januari;Surabaya Selatan;Wonokromo;Puskesmas Ngagelrejo;UMUM;248;1131;1379
Januari;Surabaya Selatan;Wonokromo;Puskesmas Ngagelrejo;VCT;;;0
Januari;Surabaya Timur;Tambaksari;Puskesmas Pacarkeling;BATRA;;;0
Januari;Surabaya Timur;Tambaksari;Puskesmas Pacarkeling;GIGI;8;162;170
Januari;Surabaya Timur;Tambaksari;Puskesmas Pacarkeling;GIZI;;;0
Januari;Surabaya Timur;Tambaksari;Puskesmas Pacarkeling;INSTALASI GAWAT DARURAT;;;0
Januari;Surabaya Timur;Tambaksari;Puskesmas Pacarkeling;KIA;66;524;590
Januari;Surabaya Timur;Tambaksari;Puskesmas Pacarkeling;LABORATORIUM;;;0
Januari;Surabaya Timur;Tambaksari;Puskesmas Pacarkeling;LANSIA;;;0
Januari;Surabaya Timur;Tambaksari;Puskesmas Pacarkeling;MATA;;;0
Januari;Surabaya Timur;Tambaksari;Puskesmas Pacarkeling;PKPR;;;0
Januari;Surabaya Timur;Tambaksari;Puskesmas Pacarkeling;Poli PCR-SWAB;;;0
Januari;Surabaya Timur;Tambaksari;Puskesmas Pacarkeling;PSIKOLOGI;0;1;1
Januari;Surabaya Timur;Tambaksari;Puskesmas Pacarkeling;PTRM;;;0
Januari;Surabaya Timur;Tambaksari;Puskesmas Pacarkeling;RAWAT INAP;;;0
Januari;Surabaya Timur;Tambaksari;Puskesmas Pacarkeling;SANITASI;;;0
Januari;Surabaya Timur;Tambaksari;Puskesmas Pacarkeling;STD;;;0
Januari;Surabaya Timur;Tambaksari;Puskesmas Pacarkeling;TBC/PARU;;;0
Januari;Surabaya Timur;Tambaksari;Puskesmas Pacarkeling;UMUM;174;1899;2073
Januari;Surabaya Timur;Tambaksari;Puskesmas Pacarkeling;VCT;;;0
Januari;Surabaya Selatan;Sawahan;Puskesmas Pakis;BATRA;2;14;16
Januari;Surabaya Selatan;Sawahan;Puskesmas Pakis;GIGI;21;215;236
Januari;Surabaya Selatan;Sawahan;Puskesmas Pakis;GIZI;0;3;3
Januari;Surabaya Selatan;Sawahan;Puskesmas Pakis;INSTALASI GAWAT DARURAT;0;1;1
Januari;Surabaya Selatan;Sawahan;Puskesmas Pakis;KIA;78;449;527
Januari;Surabaya Selatan;Sawahan;Puskesmas Pakis;LABORATORIUM;;;0
Januari;Surabaya Selatan;Sawahan;Puskesmas Pakis;LANSIA;60;908;968
Januari;Surabaya Selatan;Sawahan;Puskesmas Pakis;MATA;;;0
Januari;Surabaya Selatan;Sawahan;Puskesmas Pakis;PKPR;;;0
Januari;Surabaya Selatan;Sawahan;Puskesmas Pakis;Poli PCR-SWAB;;;0
Januari;Surabaya Selatan;Sawahan;Puskesmas Pakis;PSIKOLOGI;3;18;21
Januari;Surabaya Selatan;Sawahan;Puskesmas Pakis;PTRM;;;0
Januari;Surabaya Selatan;Sawahan;Puskesmas Pakis;RAWAT INAP;2;1;3
Januari;Surabaya Selatan;Sawahan;Puskesmas Pakis;SANITASI;;;0
Januari;Surabaya Selatan;Sawahan;Puskesmas Pakis;STD;;;0
Januari;Surabaya Selatan;Sawahan;Puskesmas Pakis;TBC/PARU;0;19;19
Januari;Surabaya Selatan;Sawahan;Puskesmas Pakis;UMUM;166;1150;1316
Januari;Surabaya Selatan;Sawahan;Puskesmas Pakis;VCT;;;0
Januari;Surabaya Utara;Semampir;Puskesmas Pegirian;BATRA;0;12;12
Januari;Surabaya Utara;Semampir;Puskesmas Pegirian;GIGI;17;133;150
Januari;Surabaya Utara;Semampir;Puskesmas Pegirian;GIZI;1;9;10
Januari;Surabaya Utara;Semampir;Puskesmas Pegirian;INSTALASI GAWAT DARURAT;;;0
Januari;Surabaya Utara;Semampir;Puskesmas Pegirian;KIA;84;451;535
Januari;Surabaya Utara;Semampir;Puskesmas Pegirian;LABORATORIUM;;;0
Januari;Surabaya Utara;Semampir;Puskesmas Pegirian;LANSIA;4;279;283
Januari;Surabaya Utara;Semampir;Puskesmas Pegirian;MATA;;;0
Januari;Surabaya Utara;Semampir;Puskesmas Pegirian;PKPR;;;0
Januari;Surabaya Utara;Semampir;Puskesmas Pegirian;Poli PCR-SWAB;;;0
Januari;Surabaya Utara;Semampir;Puskesmas Pegirian;PSIKOLOGI;2;3;5
Januari;Surabaya Utara;Semampir;Puskesmas Pegirian;PTRM;;;0
Januari;Surabaya Utara;Semampir;Puskesmas Pegirian;RAWAT INAP;;;0
Januari;Surabaya Utara;Semampir;Puskesmas Pegirian;SANITASI;0;4;4
Januari;Surabaya Utara;Semampir;Puskesmas Pegirian;STD;;;0
Januari;Surabaya Utara;Semampir;Puskesmas Pegirian;TBC/PARU;;;0
Januari;Surabaya Utara;Semampir;Puskesmas Pegirian;UMUM;175;1547;1722
Januari;Surabaya Utara;Semampir;Puskesmas Pegirian;VCT;;;0
Januari;Surabaya Pusat;Genteng;Puskesmas Peneleh;BATRA;;;0
Januari;Surabaya Pusat;Genteng;Puskesmas Peneleh;GIGI;26;168;194
Januari;Surabaya Pusat;Genteng;Puskesmas Peneleh;GIZI;1;1;2
Januari;Surabaya Pusat;Genteng;Puskesmas Peneleh;INSTALASI GAWAT DARURAT;;;0
Januari;Surabaya Pusat;Genteng;Puskesmas Peneleh;KIA;100;366;466
Januari;Surabaya Pusat;Genteng;Puskesmas Peneleh;LABORATORIUM;;;0
Januari;Surabaya Pusat;Genteng;Puskesmas Peneleh;LANSIA;;;0
Januari;Surabaya Pusat;Genteng;Puskesmas Peneleh;MATA;;;0
Januari;Surabaya Pusat;Genteng;Puskesmas Peneleh;PKPR;;;0
Januari;Surabaya Pusat;Genteng;Puskesmas Peneleh;Poli PCR-SWAB;;;0
Januari;Surabaya Pusat;Genteng;Puskesmas Peneleh;PSIKOLOGI;0;1;1
Januari;Surabaya Pusat;Genteng;Puskesmas Peneleh;PTRM;;;0
Januari;Surabaya Pusat;Genteng;Puskesmas Peneleh;RAWAT INAP;;;0
Januari;Surabaya Pusat;Genteng;Puskesmas Peneleh;SANITASI;;;0
Januari;Surabaya Pusat;Genteng;Puskesmas Peneleh;STD;;;0
Januari;Surabaya Pusat;Genteng;Puskesmas Peneleh;TBC/PARU;;;0
Januari;Surabaya Pusat;Genteng;Puskesmas Peneleh;UMUM;144;1425;1569
Januari;Surabaya Pusat;Genteng;Puskesmas Peneleh;VCT;;;0
Januari;Surabaya Utara;Pabean Cantian;Puskesmas Perak Timur;BATRA;;;0
Januari;Surabaya Utara;Pabean Cantian;Puskesmas Perak Timur;GIGI;32;183;215
Januari;Surabaya Utara;Pabean Cantian;Puskesmas Perak Timur;GIZI;;;0
Januari;Surabaya Utara;Pabean Cantian;Puskesmas Perak Timur;INSTALASI GAWAT DARURAT;;;0
Januari;Surabaya Utara;Pabean Cantian;Puskesmas Perak Timur;KIA;154;548;702
Januari;Surabaya Utara;Pabean Cantian;Puskesmas Perak Timur;LABORATORIUM;;;0
Januari;Surabaya Utara;Pabean Cantian;Puskesmas Perak Timur;LANSIA;;;0
Januari;Surabaya Utara;Pabean Cantian;Puskesmas Perak Timur;MATA;;;0
Januari;Surabaya Utara;Pabean Cantian;Puskesmas Perak Timur;PKPR;;;0
Januari;Surabaya Utara;Pabean Cantian;Puskesmas Perak Timur;Poli PCR-SWAB;3;1;4
Januari;Surabaya Utara;Pabean Cantian;Puskesmas Perak Timur;PSIKOLOGI;;;0
Januari;Surabaya Utara;Pabean Cantian;Puskesmas Perak Timur;PTRM;;;0
Januari;Surabaya Utara;Pabean Cantian;Puskesmas Perak Timur;RAWAT INAP;;;0
Januari;Surabaya Utara;Pabean Cantian;Puskesmas Perak Timur;SANITASI;;;0
Januari;Surabaya Utara;Pabean Cantian;Puskesmas Perak Timur;STD;;;0
Januari;Surabaya Utara;Pabean Cantian;Puskesmas Perak Timur;TBC/PARU;;;0
Januari;Surabaya Utara;Pabean Cantian;Puskesmas Perak Timur;UMUM;344;2742;3086
Januari;Surabaya Utara;Pabean Cantian;Puskesmas Perak Timur;VCT;;;0
Januari;Surabaya Timur;Gubeng;Puskesmas Pucangsewu;BATRA;0;8;8
Januari;Surabaya Timur;Gubeng;Puskesmas Pucangsewu;GIGI;52;223;275
Januari;Surabaya Timur;Gubeng;Puskesmas Pucangsewu;GIZI;;;0
Januari;Surabaya Timur;Gubeng;Puskesmas Pucangsewu;INSTALASI GAWAT DARURAT;;;0
Januari;Surabaya Timur;Gubeng;Puskesmas Pucangsewu;KIA;124;422;546
Januari;Surabaya Timur;Gubeng;Puskesmas Pucangsewu;LABORATORIUM;;;0
Januari;Surabaya Timur;Gubeng;Puskesmas Pucangsewu;LANSIA;18;897;915
Januari;Surabaya Timur;Gubeng;Puskesmas Pucangsewu;MATA;;;0
Januari;Surabaya Timur;Gubeng;Puskesmas Pucangsewu;PKPR;;;0
Januari;Surabaya Timur;Gubeng;Puskesmas Pucangsewu;Poli PCR-SWAB;;;0
Januari;Surabaya Timur;Gubeng;Puskesmas Pucangsewu;PSIKOLOGI;3;0;3
Januari;Surabaya Timur;Gubeng;Puskesmas Pucangsewu;PTRM;;;0
Januari;Surabaya Timur;Gubeng;Puskesmas Pucangsewu;RAWAT INAP;;;0
Januari;Surabaya Timur;Gubeng;Puskesmas Pucangsewu;SANITASI;;;0
Januari;Surabaya Timur;Gubeng;Puskesmas Pucangsewu;STD;;;0
Januari;Surabaya Timur;Gubeng;Puskesmas Pucangsewu;TBC/PARU;;;0
Januari;Surabaya Timur;Gubeng;Puskesmas Pucangsewu;UMUM;242;1350;1592
Januari;Surabaya Timur;Gubeng;Puskesmas Pucangsewu;VCT;;;0
Januari;Surabaya Selatan;Sawahan;Puskesmas Putat Jaya;BATRA;0;3;3
Januari;Surabaya Selatan;Sawahan;Puskesmas Putat Jaya;GIGI;26;320;346
Januari;Surabaya Selatan;Sawahan;Puskesmas Putat Jaya;GIZI;;;0
Januari;Surabaya Selatan;Sawahan;Puskesmas Putat Jaya;INSTALASI GAWAT DARURAT;;;0
Januari;Surabaya Selatan;Sawahan;Puskesmas Putat Jaya;KIA;82;332;414
Januari;Surabaya Selatan;Sawahan;Puskesmas Putat Jaya;LABORATORIUM;;;0
Januari;Surabaya Selatan;Sawahan;Puskesmas Putat Jaya;LANSIA;;;0
Januari;Surabaya Selatan;Sawahan;Puskesmas Putat Jaya;MATA;;;0
Januari;Surabaya Selatan;Sawahan;Puskesmas Putat Jaya;PKPR;;;0
Januari;Surabaya Selatan;Sawahan;Puskesmas Putat Jaya;Poli PCR-SWAB;;;0
Januari;Surabaya Selatan;Sawahan;Puskesmas Putat Jaya;PSIKOLOGI;24;20;44
Januari;Surabaya Selatan;Sawahan;Puskesmas Putat Jaya;PTRM;;;0
Januari;Surabaya Selatan;Sawahan;Puskesmas Putat Jaya;RAWAT INAP;;;0
Januari;Surabaya Selatan;Sawahan;Puskesmas Putat Jaya;SANITASI;;;0
Januari;Surabaya Selatan;Sawahan;Puskesmas Putat Jaya;STD;44;67;111
Januari;Surabaya Selatan;Sawahan;Puskesmas Putat Jaya;TBC/PARU;;;0
Januari;Surabaya Selatan;Sawahan;Puskesmas Putat Jaya;UMUM;191;1726;1917
Januari;Surabaya Selatan;Sawahan;Puskesmas Putat Jaya;VCT;;;0
Januari;Surabaya Timur;Tambaksari;Puskesmas Rangkah;BATRA;0;3;3
Januari;Surabaya Timur;Tambaksari;Puskesmas Rangkah;GIGI;28;135;163
Januari;Surabaya Timur;Tambaksari;Puskesmas Rangkah;GIZI;;;0
Januari;Surabaya Timur;Tambaksari;Puskesmas Rangkah;INSTALASI GAWAT DARURAT;;;0
Januari;Surabaya Timur;Tambaksari;Puskesmas Rangkah;KIA;139;487;626
Januari;Surabaya Timur;Tambaksari;Puskesmas Rangkah;LABORATORIUM;;;0
Januari;Surabaya Timur;Tambaksari;Puskesmas Rangkah;LANSIA;22;500;522
Januari;Surabaya Timur;Tambaksari;Puskesmas Rangkah;MATA;;;0
Januari;Surabaya Timur;Tambaksari;Puskesmas Rangkah;PKPR;;;0
Januari;Surabaya Timur;Tambaksari;Puskesmas Rangkah;Poli PCR-SWAB;;;0
Januari;Surabaya Timur;Tambaksari;Puskesmas Rangkah;PSIKOLOGI;;;0
Januari;Surabaya Timur;Tambaksari;Puskesmas Rangkah;PTRM;;;0
Januari;Surabaya Timur;Tambaksari;Puskesmas Rangkah;RAWAT INAP;;;0
Januari;Surabaya Timur;Tambaksari;Puskesmas Rangkah;SANITASI;;;0
Januari;Surabaya Timur;Tambaksari;Puskesmas Rangkah;STD;;;0
Januari;Surabaya Timur;Tambaksari;Puskesmas Rangkah;TBC/PARU;3;32;35
Januari;Surabaya Timur;Tambaksari;Puskesmas Rangkah;UMUM;228;1139;1367
Januari;Surabaya Timur;Tambaksari;Puskesmas Rangkah;VCT;;;0
Januari;Surabaya Utara;Semampir;Puskesmas Sawah Pulo;BATRA;;;0
Januari;Surabaya Utara;Semampir;Puskesmas Sawah Pulo;GIGI;31;126;157
Januari;Surabaya Utara;Semampir;Puskesmas Sawah Pulo;GIZI;0;4;4
Januari;Surabaya Utara;Semampir;Puskesmas Sawah Pulo;INSTALASI GAWAT DARURAT;;;0
Januari;Surabaya Utara;Semampir;Puskesmas Sawah Pulo;KIA;81;117;198
Januari;Surabaya Utara;Semampir;Puskesmas Sawah Pulo;LABORATORIUM;;;0
Januari;Surabaya Utara;Semampir;Puskesmas Sawah Pulo;LANSIA;11;200;211
Januari;Surabaya Utara;Semampir;Puskesmas Sawah Pulo;MATA;;;0
Januari;Surabaya Utara;Semampir;Puskesmas Sawah Pulo;PKPR;;;0
Januari;Surabaya Utara;Semampir;Puskesmas Sawah Pulo;Poli PCR-SWAB;;;0
Januari;Surabaya Utara;Semampir;Puskesmas Sawah Pulo;PSIKOLOGI;;;0
Januari;Surabaya Utara;Semampir;Puskesmas Sawah Pulo;PTRM;;;0
Januari;Surabaya Utara;Semampir;Puskesmas Sawah Pulo;RAWAT INAP;;;0
Januari;Surabaya Utara;Semampir;Puskesmas Sawah Pulo;SANITASI;;;0
Januari;Surabaya Utara;Semampir;Puskesmas Sawah Pulo;STD;;;0
Januari;Surabaya Utara;Semampir;Puskesmas Sawah Pulo;TBC/PARU;;;0
Januari;Surabaya Utara;Semampir;Puskesmas Sawah Pulo;UMUM;235;1504;1739
Januari;Surabaya Utara;Semampir;Puskesmas Sawah Pulo;VCT;;;0
Januari;Surabaya Selatan;Sawahan;Puskesmas Sawahan;BATRA;;;0
Januari;Surabaya Selatan;Sawahan;Puskesmas Sawahan;GIGI;36;173;209
Januari;Surabaya Selatan;Sawahan;Puskesmas Sawahan;GIZI;1;6;7
Januari;Surabaya Selatan;Sawahan;Puskesmas Sawahan;INSTALASI GAWAT DARURAT;;;0
Januari;Surabaya Selatan;Sawahan;Puskesmas Sawahan;KIA;124;476;600
Januari;Surabaya Selatan;Sawahan;Puskesmas Sawahan;LABORATORIUM;;;0
Januari;Surabaya Selatan;Sawahan;Puskesmas Sawahan;LANSIA;12;550;562
Januari;Surabaya Selatan;Sawahan;Puskesmas Sawahan;MATA;;;0
Januari;Surabaya Selatan;Sawahan;Puskesmas Sawahan;PKPR;;;0
Januari;Surabaya Selatan;Sawahan;Puskesmas Sawahan;Poli PCR-SWAB;2;5;7
Januari;Surabaya Selatan;Sawahan;Puskesmas Sawahan;PSIKOLOGI;0;21;21
Januari;Surabaya Selatan;Sawahan;Puskesmas Sawahan;PTRM;;;0
Januari;Surabaya Selatan;Sawahan;Puskesmas Sawahan;RAWAT INAP;;;0
Januari;Surabaya Selatan;Sawahan;Puskesmas Sawahan;SANITASI;;;0
Januari;Surabaya Selatan;Sawahan;Puskesmas Sawahan;STD;;;0
Januari;Surabaya Selatan;Sawahan;Puskesmas Sawahan;TBC/PARU;;;0
Januari;Surabaya Selatan;Sawahan;Puskesmas Sawahan;UMUM;197;1411;1608
Januari;Surabaya Selatan;Sawahan;Puskesmas Sawahan;VCT;;;0
Januari;Surabaya Barat;Benowo;Puskesmas Sememi;BATRA;0;2;2
Januari;Surabaya Barat;Benowo;Puskesmas Sememi;GIGI;35;284;319
Januari;Surabaya Barat;Benowo;Puskesmas Sememi;GIZI;1;1;2
Januari;Surabaya Barat;Benowo;Puskesmas Sememi;INSTALASI GAWAT DARURAT;5;10;15
Januari;Surabaya Barat;Benowo;Puskesmas Sememi;KIA;163;710;873
Januari;Surabaya Barat;Benowo;Puskesmas Sememi;LABORATORIUM;;;0
Januari;Surabaya Barat;Benowo;Puskesmas Sememi;LANSIA;8;335;343
Januari;Surabaya Barat;Benowo;Puskesmas Sememi;MATA;;;0
Januari;Surabaya Barat;Benowo;Puskesmas Sememi;PKPR;;;0
Januari;Surabaya Barat;Benowo;Puskesmas Sememi;Poli PCR-SWAB;;;0
Januari;Surabaya Barat;Benowo;Puskesmas Sememi;PSIKOLOGI;1;5;6
Januari;Surabaya Barat;Benowo;Puskesmas Sememi;PTRM;;;0
Januari;Surabaya Barat;Benowo;Puskesmas Sememi;RAWAT INAP;;;0
Januari;Surabaya Barat;Benowo;Puskesmas Sememi;SANITASI;;;0
Januari;Surabaya Barat;Benowo;Puskesmas Sememi;STD;;;0
Januari;Surabaya Barat;Benowo;Puskesmas Sememi;TBC/PARU;;;0
Januari;Surabaya Barat;Benowo;Puskesmas Sememi;UMUM;237;1336;1573
Januari;Surabaya Barat;Benowo;Puskesmas Sememi;VCT;3;14;17
Januari;Surabaya Selatan;Wonocolo;Puskesmas Sidosermo;BATRA;3;7;10
Januari;Surabaya Selatan;Wonocolo;Puskesmas Sidosermo;GIGI;14;95;109
Januari;Surabaya Selatan;Wonocolo;Puskesmas Sidosermo;GIZI;0;1;1
Januari;Surabaya Selatan;Wonocolo;Puskesmas Sidosermo;INSTALASI GAWAT DARURAT;;;0
Januari;Surabaya Selatan;Wonocolo;Puskesmas Sidosermo;KIA;84;317;401
Januari;Surabaya Selatan;Wonocolo;Puskesmas Sidosermo;LABORATORIUM;;;0
Januari;Surabaya Selatan;Wonocolo;Puskesmas Sidosermo;LANSIA;8;380;388
Januari;Surabaya Selatan;Wonocolo;Puskesmas Sidosermo;MATA;;;0
Januari;Surabaya Selatan;Wonocolo;Puskesmas Sidosermo;PKPR;;;0
Januari;Surabaya Selatan;Wonocolo;Puskesmas Sidosermo;Poli PCR-SWAB;;;0
Januari;Surabaya Selatan;Wonocolo;Puskesmas Sidosermo;PSIKOLOGI;1;0;1
Januari;Surabaya Selatan;Wonocolo;Puskesmas Sidosermo;PTRM;;;0
Januari;Surabaya Selatan;Wonocolo;Puskesmas Sidosermo;RAWAT INAP;;;0
Januari;Surabaya Selatan;Wonocolo;Puskesmas Sidosermo;SANITASI;;;0
Januari;Surabaya Selatan;Wonocolo;Puskesmas Sidosermo;STD;;;0
Januari;Surabaya Selatan;Wonocolo;Puskesmas Sidosermo;TBC/PARU;;;0
Januari;Surabaya Selatan;Wonocolo;Puskesmas Sidosermo;UMUM;154;998;1152
Januari;Surabaya Selatan;Wonocolo;Puskesmas Sidosermo;VCT;;;0
Januari;Surabaya Utara;Semampir;Puskesmas Sidotopo;BATRA;2;12;14
Januari;Surabaya Utara;Semampir;Puskesmas Sidotopo;GIGI;59;140;199
Januari;Surabaya Utara;Semampir;Puskesmas Sidotopo;GIZI;78;281;359
Januari;Surabaya Utara;Semampir;Puskesmas Sidotopo;INSTALASI GAWAT DARURAT;;;0
Januari;Surabaya Utara;Semampir;Puskesmas Sidotopo;KIA;67;181;248
Januari;Surabaya Utara;Semampir;Puskesmas Sidotopo;LABORATORIUM;;;0
Januari;Surabaya Utara;Semampir;Puskesmas Sidotopo;LANSIA;6;254;260
Januari;Surabaya Utara;Semampir;Puskesmas Sidotopo;MATA;;;0
Januari;Surabaya Utara;Semampir;Puskesmas Sidotopo;PKPR;;;0
Januari;Surabaya Utara;Semampir;Puskesmas Sidotopo;Poli PCR-SWAB;;;0
Januari;Surabaya Utara;Semampir;Puskesmas Sidotopo;PSIKOLOGI;;;0
Januari;Surabaya Utara;Semampir;Puskesmas Sidotopo;PTRM;;;0
Januari;Surabaya Utara;Semampir;Puskesmas Sidotopo;RAWAT INAP;;;0
Januari;Surabaya Utara;Semampir;Puskesmas Sidotopo;SANITASI;;;0
Januari;Surabaya Utara;Semampir;Puskesmas Sidotopo;STD;;;0
Januari;Surabaya Utara;Semampir;Puskesmas Sidotopo;TBC/PARU;1;69;70
Januari;Surabaya Utara;Semampir;Puskesmas Sidotopo;UMUM;263;1379;1642
Januari;Surabaya Utara;Semampir;Puskesmas Sidotopo;VCT;;;0
Januari;Surabaya Utara;Kenjeran;Puskesmas Sidotopo Wetan;BATRA;0;1;1
Januari;Surabaya Utara;Kenjeran;Puskesmas Sidotopo Wetan;GIGI;39;174;213
Januari;Surabaya Utara;Kenjeran;Puskesmas Sidotopo Wetan;GIZI;;;0
Januari;Surabaya Utara;Kenjeran;Puskesmas Sidotopo Wetan;INSTALASI GAWAT DARURAT;1;0;1
Januari;Surabaya Utara;Kenjeran;Puskesmas Sidotopo Wetan;KIA;141;481;622
Januari;Surabaya Utara;Kenjeran;Puskesmas Sidotopo Wetan;LABORATORIUM;;;0
Januari;Surabaya Utara;Kenjeran;Puskesmas Sidotopo Wetan;LANSIA;3;416;419
Januari;Surabaya Utara;Kenjeran;Puskesmas Sidotopo Wetan;MATA;;;0
Januari;Surabaya Utara;Kenjeran;Puskesmas Sidotopo Wetan;PKPR;;;0
Januari;Surabaya Utara;Kenjeran;Puskesmas Sidotopo Wetan;Poli PCR-SWAB;;;0
Januari;Surabaya Utara;Kenjeran;Puskesmas Sidotopo Wetan;PSIKOLOGI;;;0
Januari;Surabaya Utara;Kenjeran;Puskesmas Sidotopo Wetan;PTRM;;;0
Januari;Surabaya Utara;Kenjeran;Puskesmas Sidotopo Wetan;RAWAT INAP;;;0
Januari;Surabaya Utara;Kenjeran;Puskesmas Sidotopo Wetan;SANITASI;;;0
Januari;Surabaya Utara;Kenjeran;Puskesmas Sidotopo Wetan;STD;;;0
Januari;Surabaya Utara;Kenjeran;Puskesmas Sidotopo Wetan;TBC/PARU;0;105;105
Januari;Surabaya Utara;Kenjeran;Puskesmas Sidotopo Wetan;UMUM;169;1579;1748
Januari;Surabaya Utara;Kenjeran;Puskesmas Sidotopo Wetan;VCT;;;0
Januari;Surabaya Pusat;Simokerto;Puskesmas Simolawang;BATRA;0;4;4
Januari;Surabaya Pusat;Simokerto;Puskesmas Simolawang;GIGI;11;105;116
Januari;Surabaya Pusat;Simokerto;Puskesmas Simolawang;GIZI;2;8;10
Januari;Surabaya Pusat;Simokerto;Puskesmas Simolawang;INSTALASI GAWAT DARURAT;;;0
Januari;Surabaya Pusat;Simokerto;Puskesmas Simolawang;KIA;76;569;645
Januari;Surabaya Pusat;Simokerto;Puskesmas Simolawang;LABORATORIUM;;;0
Januari;Surabaya Pusat;Simokerto;Puskesmas Simolawang;LANSIA;15;416;431
Januari;Surabaya Pusat;Simokerto;Puskesmas Simolawang;MATA;;;0
Januari;Surabaya Pusat;Simokerto;Puskesmas Simolawang;PKPR;;;0
Januari;Surabaya Pusat;Simokerto;Puskesmas Simolawang;Poli PCR-SWAB;;;0
Januari;Surabaya Pusat;Simokerto;Puskesmas Simolawang;PSIKOLOGI;0;3;3
Januari;Surabaya Pusat;Simokerto;Puskesmas Simolawang;PTRM;;;0
Januari;Surabaya Pusat;Simokerto;Puskesmas Simolawang;RAWAT INAP;;;0
Januari;Surabaya Pusat;Simokerto;Puskesmas Simolawang;SANITASI;;;0
Januari;Surabaya Pusat;Simokerto;Puskesmas Simolawang;STD;;;0
Januari;Surabaya Pusat;Simokerto;Puskesmas Simolawang;TBC/PARU;;;0
Januari;Surabaya Pusat;Simokerto;Puskesmas Simolawang;UMUM;87;1397;1484
Januari;Surabaya Pusat;Simokerto;Puskesmas Simolawang;VCT;;;0
Januari;Surabaya Barat;Sukomanunggal;Puskesmas Simomulyo;BATRA;2;23;25
Januari;Surabaya Barat;Sukomanunggal;Puskesmas Simomulyo;GIGI;37;225;262
Januari;Surabaya Barat;Sukomanunggal;Puskesmas Simomulyo;GIZI;1;1;2
Januari;Surabaya Barat;Sukomanunggal;Puskesmas Simomulyo;INSTALASI GAWAT DARURAT;18;32;50
Januari;Surabaya Barat;Sukomanunggal;Puskesmas Simomulyo;KIA;192;865;1057
Januari;Surabaya Barat;Sukomanunggal;Puskesmas Simomulyo;LABORATORIUM;;;0
Januari;Surabaya Barat;Sukomanunggal;Puskesmas Simomulyo;LANSIA;40;1068;1108
Januari;Surabaya Barat;Sukomanunggal;Puskesmas Simomulyo;MATA;;;0
Januari;Surabaya Barat;Sukomanunggal;Puskesmas Simomulyo;PKPR;;;0
Januari;Surabaya Barat;Sukomanunggal;Puskesmas Simomulyo;Poli PCR-SWAB;;;0
Januari;Surabaya Barat;Sukomanunggal;Puskesmas Simomulyo;PSIKOLOGI;1;6;7
Januari;Surabaya Barat;Sukomanunggal;Puskesmas Simomulyo;PTRM;;;0
Januari;Surabaya Barat;Sukomanunggal;Puskesmas Simomulyo;RAWAT INAP;4;13;17
Januari;Surabaya Barat;Sukomanunggal;Puskesmas Simomulyo;SANITASI;0;1;1
Januari;Surabaya Barat;Sukomanunggal;Puskesmas Simomulyo;STD;;;0
Januari;Surabaya Barat;Sukomanunggal;Puskesmas Simomulyo;TBC/PARU;;;0
Januari;Surabaya Barat;Sukomanunggal;Puskesmas Simomulyo;UMUM;275;1523;1798
Januari;Surabaya Barat;Sukomanunggal;Puskesmas Simomulyo;VCT;;;0
Januari;Surabaya Selatan;Wonocolo;Puskesmas Siwalankerto;BATRA;1;16;17
Januari;Surabaya Selatan;Wonocolo;Puskesmas Siwalankerto;GIGI;26;172;198
Januari;Surabaya Selatan;Wonocolo;Puskesmas Siwalankerto;GIZI;0;5;5
Januari;Surabaya Selatan;Wonocolo;Puskesmas Siwalankerto;INSTALASI GAWAT DARURAT;13;18;31
Januari;Surabaya Selatan;Wonocolo;Puskesmas Siwalankerto;KIA;77;525;602
Januari;Surabaya Selatan;Wonocolo;Puskesmas Siwalankerto;LABORATORIUM;;;0
Januari;Surabaya Selatan;Wonocolo;Puskesmas Siwalankerto;LANSIA;4;253;257
Januari;Surabaya Selatan;Wonocolo;Puskesmas Siwalankerto;MATA;;;0
Januari;Surabaya Selatan;Wonocolo;Puskesmas Siwalankerto;PKPR;;;0
Januari;Surabaya Selatan;Wonocolo;Puskesmas Siwalankerto;Poli PCR-SWAB;;;0
Januari;Surabaya Selatan;Wonocolo;Puskesmas Siwalankerto;PSIKOLOGI;;;0
Januari;Surabaya Selatan;Wonocolo;Puskesmas Siwalankerto;PTRM;;;0
Januari;Surabaya Selatan;Wonocolo;Puskesmas Siwalankerto;RAWAT INAP;1;5;6
Januari;Surabaya Selatan;Wonocolo;Puskesmas Siwalankerto;SANITASI;;;0
Januari;Surabaya Selatan;Wonocolo;Puskesmas Siwalankerto;STD;;;0
Januari;Surabaya Selatan;Wonocolo;Puskesmas Siwalankerto;TBC/PARU;;;0
Januari;Surabaya Selatan;Wonocolo;Puskesmas Siwalankerto;UMUM;312;1384;1696
Januari;Surabaya Selatan;Wonocolo;Puskesmas Siwalankerto;VCT;;;0
Januari;Surabaya Utara;Kenjeran;Puskesmas Tambak Wedi;BATRA;1;17;18
Januari;Surabaya Utara;Kenjeran;Puskesmas Tambak Wedi;GIGI;38;219;257
Januari;Surabaya Utara;Kenjeran;Puskesmas Tambak Wedi;GIZI;;;0
Januari;Surabaya Utara;Kenjeran;Puskesmas Tambak Wedi;INSTALASI GAWAT DARURAT;;;0
Januari;Surabaya Utara;Kenjeran;Puskesmas Tambak Wedi;KIA;110;326;436
Januari;Surabaya Utara;Kenjeran;Puskesmas Tambak Wedi;LABORATORIUM;;;0
Januari;Surabaya Utara;Kenjeran;Puskesmas Tambak Wedi;LANSIA;8;128;136
Januari;Surabaya Utara;Kenjeran;Puskesmas Tambak Wedi;MATA;;;0
Januari;Surabaya Utara;Kenjeran;Puskesmas Tambak Wedi;PKPR;;;0
Januari;Surabaya Utara;Kenjeran;Puskesmas Tambak Wedi;Poli PCR-SWAB;;;0
Januari;Surabaya Utara;Kenjeran;Puskesmas Tambak Wedi;PSIKOLOGI;0;3;3
Januari;Surabaya Utara;Kenjeran;Puskesmas Tambak Wedi;PTRM;;;0
Januari;Surabaya Utara;Kenjeran;Puskesmas Tambak Wedi;RAWAT INAP;;;0
Januari;Surabaya Utara;Kenjeran;Puskesmas Tambak Wedi;SANITASI;;;0
Januari;Surabaya Utara;Kenjeran;Puskesmas Tambak Wedi;STD;;;0
Januari;Surabaya Utara;Kenjeran;Puskesmas Tambak Wedi;TBC/PARU;;;0
Januari;Surabaya Utara;Kenjeran;Puskesmas Tambak Wedi;UMUM;135;802;937
Januari;Surabaya Utara;Kenjeran;Puskesmas Tambak Wedi;VCT;;;0
Januari;Surabaya Pusat;Simokerto;Puskesmas Tambakrejo;BATRA;0;2;2
Januari;Surabaya Pusat;Simokerto;Puskesmas Tambakrejo;GIGI;11;146;157
Januari;Surabaya Pusat;Simokerto;Puskesmas Tambakrejo;GIZI;0;1;1
Januari;Surabaya Pusat;Simokerto;Puskesmas Tambakrejo;INSTALASI GAWAT DARURAT;;;0
Januari;Surabaya Pusat;Simokerto;Puskesmas Tambakrejo;KIA;47;472;519
Januari;Surabaya Pusat;Simokerto;Puskesmas Tambakrejo;LABORATORIUM;;;0
Januari;Surabaya Pusat;Simokerto;Puskesmas Tambakrejo;LANSIA;;;0
Januari;Surabaya Pusat;Simokerto;Puskesmas Tambakrejo;MATA;;;0
Januari;Surabaya Pusat;Simokerto;Puskesmas Tambakrejo;PKPR;0;10;10
Januari;Surabaya Pusat;Simokerto;Puskesmas Tambakrejo;Poli PCR-SWAB;;;0
Januari;Surabaya Pusat;Simokerto;Puskesmas Tambakrejo;PSIKOLOGI;0;1;1
Januari;Surabaya Pusat;Simokerto;Puskesmas Tambakrejo;PTRM;;;0
Januari;Surabaya Pusat;Simokerto;Puskesmas Tambakrejo;RAWAT INAP;;;0
Januari;Surabaya Pusat;Simokerto;Puskesmas Tambakrejo;SANITASI;;;0
Januari;Surabaya Pusat;Simokerto;Puskesmas Tambakrejo;STD;;;0
Januari;Surabaya Pusat;Simokerto;Puskesmas Tambakrejo;TBC/PARU;;;0
Januari;Surabaya Pusat;Simokerto;Puskesmas Tambakrejo;UMUM;76;1624;1700
Januari;Surabaya Pusat;Simokerto;Puskesmas Tambakrejo;VCT;;;0
Januari;Surabaya Utara;Kenjeran;Puskesmas Tanah Kali Kedinding;BATRA;0;6;6
Januari;Surabaya Utara;Kenjeran;Puskesmas Tanah Kali Kedinding;GIGI;34;224;258
Januari;Surabaya Utara;Kenjeran;Puskesmas Tanah Kali Kedinding;GIZI;;;0
Januari;Surabaya Utara;Kenjeran;Puskesmas Tanah Kali Kedinding;INSTALASI GAWAT DARURAT;4;2;6
Januari;Surabaya Utara;Kenjeran;Puskesmas Tanah Kali Kedinding;KIA;164;744;908
Januari;Surabaya Utara;Kenjeran;Puskesmas Tanah Kali Kedinding;LABORATORIUM;;;0
Januari;Surabaya Utara;Kenjeran;Puskesmas Tanah Kali Kedinding;LANSIA;18;471;489
Januari;Surabaya Utara;Kenjeran;Puskesmas Tanah Kali Kedinding;MATA;;;0
Januari;Surabaya Utara;Kenjeran;Puskesmas Tanah Kali Kedinding;PKPR;;;0
Januari;Surabaya Utara;Kenjeran;Puskesmas Tanah Kali Kedinding;Poli PCR-SWAB;;;0
Januari;Surabaya Utara;Kenjeran;Puskesmas Tanah Kali Kedinding;PSIKOLOGI;13;76;89
Januari;Surabaya Utara;Kenjeran;Puskesmas Tanah Kali Kedinding;PTRM;;;0
Januari;Surabaya Utara;Kenjeran;Puskesmas Tanah Kali Kedinding;RAWAT INAP;7;12;19
Januari;Surabaya Utara;Kenjeran;Puskesmas Tanah Kali Kedinding;SANITASI;;;0
Januari;Surabaya Utara;Kenjeran;Puskesmas Tanah Kali Kedinding;STD;;;0
Januari;Surabaya Utara;Kenjeran;Puskesmas Tanah Kali Kedinding;TBC/PARU;;;0
Januari;Surabaya Utara;Kenjeran;Puskesmas Tanah Kali Kedinding;UMUM;260;1801;2061
Januari;Surabaya Utara;Kenjeran;Puskesmas Tanah Kali Kedinding;VCT;;;0
Januari;Surabaya Barat;Sukomanunggal;Puskesmas Tanjungsari;BATRA;;;0
Januari;Surabaya Barat;Sukomanunggal;Puskesmas Tanjungsari;GIGI;29;163;192
Januari;Surabaya Barat;Sukomanunggal;Puskesmas Tanjungsari;GIZI;0;1;1
Januari;Surabaya Barat;Sukomanunggal;Puskesmas Tanjungsari;INSTALASI GAWAT DARURAT;14;6;20
Januari;Surabaya Barat;Sukomanunggal;Puskesmas Tanjungsari;KIA;78;220;298
Januari;Surabaya Barat;Sukomanunggal;Puskesmas Tanjungsari;LABORATORIUM;;;0
Januari;Surabaya Barat;Sukomanunggal;Puskesmas Tanjungsari;LANSIA;;;0
Januari;Surabaya Barat;Sukomanunggal;Puskesmas Tanjungsari;MATA;;;0
Januari;Surabaya Barat;Sukomanunggal;Puskesmas Tanjungsari;PKPR;;;0
Januari;Surabaya Barat;Sukomanunggal;Puskesmas Tanjungsari;Poli PCR-SWAB;;;0
Januari;Surabaya Barat;Sukomanunggal;Puskesmas Tanjungsari;PSIKOLOGI;0;2;2
Januari;Surabaya Barat;Sukomanunggal;Puskesmas Tanjungsari;PTRM;;;0
Januari;Surabaya Barat;Sukomanunggal;Puskesmas Tanjungsari;RAWAT INAP;3;0;3
Januari;Surabaya Barat;Sukomanunggal;Puskesmas Tanjungsari;SANITASI;;;0
Januari;Surabaya Barat;Sukomanunggal;Puskesmas Tanjungsari;STD;;;0
Januari;Surabaya Barat;Sukomanunggal;Puskesmas Tanjungsari;TBC/PARU;;;0
Januari;Surabaya Barat;Sukomanunggal;Puskesmas Tanjungsari;UMUM;182;761;943
Januari;Surabaya Barat;Sukomanunggal;Puskesmas Tanjungsari;VCT;;;0
Januari;Surabaya Pusat;Bubutan;Puskesmas Tembok Dukuh;BATRA;0;3;3
Januari;Surabaya Pusat;Bubutan;Puskesmas Tembok Dukuh;GIGI;23;174;197
Januari;Surabaya Pusat;Bubutan;Puskesmas Tembok Dukuh;GIZI;7;15;22
Januari;Surabaya Pusat;Bubutan;Puskesmas Tembok Dukuh;INSTALASI GAWAT DARURAT;;;0
Januari;Surabaya Pusat;Bubutan;Puskesmas Tembok Dukuh;KIA;137;383;520
Januari;Surabaya Pusat;Bubutan;Puskesmas Tembok Dukuh;LABORATORIUM;;;0
Januari;Surabaya Pusat;Bubutan;Puskesmas Tembok Dukuh;LANSIA;;;0
Januari;Surabaya Pusat;Bubutan;Puskesmas Tembok Dukuh;MATA;;;0
Januari;Surabaya Pusat;Bubutan;Puskesmas Tembok Dukuh;PKPR;;;0
Januari;Surabaya Pusat;Bubutan;Puskesmas Tembok Dukuh;Poli PCR-SWAB;;;0
Januari;Surabaya Pusat;Bubutan;Puskesmas Tembok Dukuh;PSIKOLOGI;2;6;8
Januari;Surabaya Pusat;Bubutan;Puskesmas Tembok Dukuh;PTRM;;;0
Januari;Surabaya Pusat;Bubutan;Puskesmas Tembok Dukuh;RAWAT INAP;;;0
Januari;Surabaya Pusat;Bubutan;Puskesmas Tembok Dukuh;SANITASI;;;0
Januari;Surabaya Pusat;Bubutan;Puskesmas Tembok Dukuh;STD;;;0
Januari;Surabaya Pusat;Bubutan;Puskesmas Tembok Dukuh;TBC/PARU;;;0
Januari;Surabaya Pusat;Bubutan;Puskesmas Tembok Dukuh;UMUM;291;1911;2202
Januari;Surabaya Pusat;Bubutan;Puskesmas Tembok Dukuh;VCT;;;0
Januari;Surabaya Timur;Tenggilis Mejoyo;Puskesmas Tenggilis;BATRA;;;0
Januari;Surabaya Timur;Tenggilis Mejoyo;Puskesmas Tenggilis;GIGI;61;625;686
Januari;Surabaya Timur;Tenggilis Mejoyo;Puskesmas Tenggilis;GIZI;0;1;1
Januari;Surabaya Timur;Tenggilis Mejoyo;Puskesmas Tenggilis;INSTALASI GAWAT DARURAT;;;0
Januari;Surabaya Timur;Tenggilis Mejoyo;Puskesmas Tenggilis;KIA;268;1150;1418
Januari;Surabaya Timur;Tenggilis Mejoyo;Puskesmas Tenggilis;LABORATORIUM;;;0
Januari;Surabaya Timur;Tenggilis Mejoyo;Puskesmas Tenggilis;LANSIA;41;733;774
Januari;Surabaya Timur;Tenggilis Mejoyo;Puskesmas Tenggilis;MATA;;;0
Januari;Surabaya Timur;Tenggilis Mejoyo;Puskesmas Tenggilis;PKPR;;;0
Januari;Surabaya Timur;Tenggilis Mejoyo;Puskesmas Tenggilis;Poli PCR-SWAB;;;0
Januari;Surabaya Timur;Tenggilis Mejoyo;Puskesmas Tenggilis;PSIKOLOGI;;;0
Januari;Surabaya Timur;Tenggilis Mejoyo;Puskesmas Tenggilis;PTRM;;;0
Januari;Surabaya Timur;Tenggilis Mejoyo;Puskesmas Tenggilis;RAWAT INAP;;;0
Januari;Surabaya Timur;Tenggilis Mejoyo;Puskesmas Tenggilis;SANITASI;;;0
Januari;Surabaya Timur;Tenggilis Mejoyo;Puskesmas Tenggilis;STD;;;0
Januari;Surabaya Timur;Tenggilis Mejoyo;Puskesmas Tenggilis;TBC/PARU;;;0
Januari;Surabaya Timur;Tenggilis Mejoyo;Puskesmas Tenggilis;UMUM;335;1877;2212
Januari;Surabaya Timur;Tenggilis Mejoyo;Puskesmas Tenggilis;VCT;;;0
Januari;Surabaya Selatan;Wiyung;Puskesmas Wiyung;BATRA;3;34;37
Januari;Surabaya Selatan;Wiyung;Puskesmas Wiyung;GIGI;45;332;377
Januari;Surabaya Selatan;Wiyung;Puskesmas Wiyung;GIZI;0;2;2
Januari;Surabaya Selatan;Wiyung;Puskesmas Wiyung;INSTALASI GAWAT DARURAT;1;1;2
Januari;Surabaya Selatan;Wiyung;Puskesmas Wiyung;KIA;123;434;557
Januari;Surabaya Selatan;Wiyung;Puskesmas Wiyung;LABORATORIUM;;;0
Januari;Surabaya Selatan;Wiyung;Puskesmas Wiyung;LANSIA;12;556;568
Januari;Surabaya Selatan;Wiyung;Puskesmas Wiyung;MATA;;;0
Januari;Surabaya Selatan;Wiyung;Puskesmas Wiyung;PKPR;9;26;35
Januari;Surabaya Selatan;Wiyung;Puskesmas Wiyung;Poli PCR-SWAB;;;0
Januari;Surabaya Selatan;Wiyung;Puskesmas Wiyung;PSIKOLOGI;;;0
Januari;Surabaya Selatan;Wiyung;Puskesmas Wiyung;PTRM;;;0
Januari;Surabaya Selatan;Wiyung;Puskesmas Wiyung;RAWAT INAP;;;0
Januari;Surabaya Selatan;Wiyung;Puskesmas Wiyung;SANITASI;;;0
Januari;Surabaya Selatan;Wiyung;Puskesmas Wiyung;STD;;;0
Januari;Surabaya Selatan;Wiyung;Puskesmas Wiyung;TBC/PARU;;;0
Januari;Surabaya Selatan;Wiyung;Puskesmas Wiyung;UMUM;184;1309;1493
Januari;Surabaya Selatan;Wiyung;Puskesmas Wiyung;VCT;;;0
Januari;Surabaya Selatan;Wonokromo;Puskesmas Wonokromo;BATRA;0;18;18
Januari;Surabaya Selatan;Wonokromo;Puskesmas Wonokromo;GIGI;25;153;178
Januari;Surabaya Selatan;Wonokromo;Puskesmas Wonokromo;GIZI;0;1;1
Januari;Surabaya Selatan;Wonokromo;Puskesmas Wonokromo;INSTALASI GAWAT DARURAT;;;0
Januari;Surabaya Selatan;Wonokromo;Puskesmas Wonokromo;KIA;116;431;547
Januari;Surabaya Selatan;Wonokromo;Puskesmas Wonokromo;LABORATORIUM;;;0
Januari;Surabaya Selatan;Wonokromo;Puskesmas Wonokromo;LANSIA;14;506;520
Januari;Surabaya Selatan;Wonokromo;Puskesmas Wonokromo;MATA;;;0
Januari;Surabaya Selatan;Wonokromo;Puskesmas Wonokromo;PKPR;;;0
Januari;Surabaya Selatan;Wonokromo;Puskesmas Wonokromo;Poli PCR-SWAB;;;0
Januari;Surabaya Selatan;Wonokromo;Puskesmas Wonokromo;PSIKOLOGI;3;7;10
Januari;Surabaya Selatan;Wonokromo;Puskesmas Wonokromo;PTRM;;;0
Januari;Surabaya Selatan;Wonokromo;Puskesmas Wonokromo;RAWAT INAP;;;0
Januari;Surabaya Selatan;Wonokromo;Puskesmas Wonokromo;SANITASI;;;0
Januari;Surabaya Selatan;Wonokromo;Puskesmas Wonokromo;STD;;;0
Januari;Surabaya Selatan;Wonokromo;Puskesmas Wonokromo;TBC/PARU;;;0
Januari;Surabaya Selatan;Wonokromo;Puskesmas Wonokromo;UMUM;132;1035;1167
Januari;Surabaya Selatan;Wonokromo;Puskesmas Wonokromo;VCT;;;0
Januari;Surabaya Utara;Semampir;Puskesmas Wonokusumo;BATRA;0;2;2
Januari;Surabaya Utara;Semampir;Puskesmas Wonokusumo;GIGI;59;306;365
Januari;Surabaya Utara;Semampir;Puskesmas Wonokusumo;GIZI;0;1;1
Januari;Surabaya Utara;Semampir;Puskesmas Wonokusumo;INSTALASI GAWAT DARURAT;;;0
Januari;Surabaya Utara;Semampir;Puskesmas Wonokusumo;KIA;94;532;626
Januari;Surabaya Utara;Semampir;Puskesmas Wonokusumo;LABORATORIUM;;;0
Januari;Surabaya Utara;Semampir;Puskesmas Wonokusumo;LANSIA;18;512;530
Januari;Surabaya Utara;Semampir;Puskesmas Wonokusumo;MATA;;;0
Januari;Surabaya Utara;Semampir;Puskesmas Wonokusumo;PKPR;;;0
Januari;Surabaya Utara;Semampir;Puskesmas Wonokusumo;Poli PCR-SWAB;;;0
Januari;Surabaya Utara;Semampir;Puskesmas Wonokusumo;PSIKOLOGI;2;0;2
Januari;Surabaya Utara;Semampir;Puskesmas Wonokusumo;PTRM;;;0
Januari;Surabaya Utara;Semampir;Puskesmas Wonokusumo;RAWAT INAP;;;0
Januari;Surabaya Utara;Semampir;Puskesmas Wonokusumo;SANITASI;;;0
Januari;Surabaya Utara;Semampir;Puskesmas Wonokusumo;STD;;;0
Januari;Surabaya Utara;Semampir;Puskesmas Wonokusumo;TBC/PARU;;;0
Januari;Surabaya Utara;Semampir;Puskesmas Wonokusumo;UMUM;300;1474;1774
Januari;Surabaya Utara;Semampir;Puskesmas Wonokusumo;VCT;;;0
